id,name,producer,type,category,varietal,world,country,region_1,region_2,region,bin,vintage,glass_price,bottle_price,style,body,acidity,sweetness,oak,pairing_tags,description_original,description_ai,description_final,description,collection,staff_pick,stock,show,available
0-stift-klosterneuburg-gr-ner-veltliner-brut-100,Stift Klosterneuburg Grüner Veltliner Brut,Stift Klosterneuburg Grüner Veltliner Brut,sparkling,sparkling,Grüner Veltliner,Old World,Austria,Niederösterreich,,"Niederösterreich, Austria",100,,,45,crisp,light,high,dry,unknown,seafood|salad|sipping,"Dry and refreshing sparkling Grüner Veltliner with crisp acidity. Notes of green apple, citrus, and a subtle peppery edge. Clean and lively, easy to drink, and great to start a meal.",,,"Dry and refreshing sparkling Grüner Veltliner with crisp acidity. Notes of green apple, citrus, and a subtle peppery edge. Clean and lively, easy to drink, and great to start a meal.",,N,,Y,Y
1-le-brun-de-neuville-extra-blanc-blanc-de-blancs-chardonnay-104,Le Brun de Neuville Extra Blanc Blanc de Blancs Chardonnay,Le Brun de Neuville Extra Blanc Blanc de Blancs Chardonnay,sparkling,sparkling,Champagne Blend,Old World,France,Champagne,,"Champagne, France",104,,,162,crisp,light,high,dry,some,seafood|salad|sipping,"Classic Blanc de Blancs Champagne made entirely from Chardonnay. Bright citrus, green apple, and light brioche with fine bubbles and a focused, elegant finish.",,,"Classic Blanc de Blancs Champagne made entirely from Chardonnay. Bright citrus, green apple, and light brioche with fine bubbles and a focused, elegant finish.",,N,,Y,Y
2-veuve-clicquot-yellow-label-brut-106,Veuve Clicquot Yellow Label Brut,Veuve Clicquot Yellow Label Brut,sparkling,sparkling,Champagne Blend,Old World,France,Champagne,,"Champagne, France",106,,,145,crisp,bold,high,dry,some,seafood|salad|sipping,"Well-balanced and familiar Champagne with notes of apple, pear, and toasted bread. Rich but still fresh, with a creamy texture and steady bubbles.",,,"Well-balanced and familiar Champagne with notes of apple, pear, and toasted bread. Rich but still fresh, with a creamy texture and steady bubbles.",,N,,Y,Y
3-andr-clouet-grande-r-serve-brut-nv-107,André Clouet Grande Réserve Brut NV,André Clouet Grande Réserve Brut NV,sparkling,sparkling,Champagne Blend,Old World,France,Champagne,,"Champagne, France",107,NV,,90,smooth,bold,high,dry,some,seafood|salad|sipping,"Fuller-bodied non-vintage Champagne with ripe fruit and a touch of richness. Apple, pear, and brioche flavors with a smooth, rounded finish.",,,"Fuller-bodied non-vintage Champagne with ripe fruit and a touch of richness. Apple, pear, and brioche flavors with a smooth, rounded finish.",,N,,Y,Y
4-taittinger-brut-la-fran-aise-109,Taittinger Brut La Française,Taittinger Brut La Française,sparkling,sparkling,Champagne Blend,Old World,France,Champagne,,"Champagne, France",109,,,170,crisp,light,high,dry,some,seafood|salad|sipping,"Light, elegant Champagne with fine bubbles and bright acidity. Citrus, white flowers, and a hint of toast make this clean and refined without feeling heavy.",,,"Light, elegant Champagne with fine bubbles and bright acidity. Citrus, white flowers, and a hint of toast make this clean and refined without feeling heavy.",,N,,Y,Y
5-perrier-jou-t-grand-brut-110,Perrier-Jouët Grand Brut,Perrier-Jouët Grand Brut,sparkling,sparkling,Champagne Blend,Old World,France,Champagne,,"Champagne, France",110,,,120,crisp,light,high,dry,some,seafood|salad|sipping,"Fresh and floral in style with soft fruit and gentle toast. Pear, citrus, and a smooth finish make this approachable and easy to enjoy.",,,"Fresh and floral in style with soft fruit and gentle toast. Pear, citrus, and a smooth finish make this approachable and easy to enjoy.",,N,,Y,Y
6-mo-t-chandon-imp-rial-brut-111,Moët & Chandon Impérial Brut,Moët & Chandon Impérial Brut,sparkling,sparkling,Champagne Blend,Old World,France,Champagne,,"Champagne, France",111,,,110,crisp,light,high,dry,unknown,seafood|salad|sipping,"Classic house Champagne that’s balanced and consistent. Apple, citrus, and light bread notes with a creamy mouthfeel and lively bubbles.",,,"Classic house Champagne that’s balanced and consistent. Apple, citrus, and light bread notes with a creamy mouthfeel and lively bubbles.",,N,,Y,Y
7-dom-p-rignon-brut-112,Dom Pérignon Brut,Dom Pérignon Brut,sparkling,sparkling,Champagne Blend,Old World,France,Champagne,,"Champagne, France",112,2012,,400,crisp,bold,high,dry,some,steak|seafood|salad|sipping,"Structured and layered vintage Champagne with depth and length. Citrus, stone fruit, and toasted notes come together in a refined, powerful style meant to be savored.",,,"Structured and layered vintage Champagne with depth and length. Citrus, stone fruit, and toasted notes come together in a refined, powerful style meant to be savored.",,N,,Y,Y
8-andr-clouet-brut-ros--115,André Clouet Brut Rosé,André Clouet Brut Rosé,sparkling,sparkling,Rosé Champagne,Old World,France,Champagne,,"Champagne, France",115,,,150,crisp,light,high,dry,unknown,seafood|salad|sipping,"Expressive rosé Champagne with fresh red berry flavors. Strawberry and raspberry notes balanced by bright acidity and a smooth, dry finish.",,,"Expressive rosé Champagne with fresh red berry flavors. Strawberry and raspberry notes balanced by bright acidity and a smooth, dry finish.",,N,,Y,Y
9-marenco-pineto-brachetto-d-acqui-118,Marenco Pineto Brachetto d’Acqui,Marenco Pineto Brachetto d’Acqui,sparkling,sparkling,Brachetto,Old World,Italy,Piedmont,Brachetto d’Acqui,"Brachetto d’Acqui, Piedmont, Italy",118,2020,,36,crisp,light,high,sweet,unknown,seafood|salad|sipping,"Lightly sparkling and gently sweet with lots of fresh strawberry and floral notes. Low alcohol and very drinkable, often enjoyed as a dessert or celebratory sip.",,,"Lightly sparkling and gently sweet with lots of fresh strawberry and floral notes. Low alcohol and very drinkable, often enjoyed as a dessert or celebratory sip.",,N,,Y,Y
10-jansz-premium-ros-brut-119,Jansz Premium Rosé Brut,Jansz Premium Rosé Brut,sparkling,sparkling,Rosé Sparkling,New World,Australia,Tasmania,,"Tasmania, Australia",119,,,45,crisp,light,high,dry,unknown,seafood|salad|sipping,"Crisp Tasmanian sparkling rosé with red berry and citrus notes. Dry, refreshing, and clean, with fine bubbles and bright acidity.",,,"Crisp Tasmanian sparkling rosé with red berry and citrus notes. Dry, refreshing, and clean, with fine bubbles and bright acidity.",,N,,Y,Y
11-txomin-etxaniz-getari-hondarrabi-zuri-125,Txomin Etxaniz Getari Hondarrabi Zuri,Txomin Etxaniz Getari Hondarrabi Zuri,white,white,Hondarrabi Zuri,Old World,Spain,Getaria,Txakolina DO,"Txakolina DO, Getaria, Spain",125,2021,,51,crisp,light,high,dry,unknown,seafood|salad|sipping,"Fresh and lightly saline white from the Basque coast. Bright citrus, green apple, and a subtle spritz give this wine a crisp, refreshing feel that pairs well with seafood.",,,"Fresh and lightly saline white from the Basque coast. Bright citrus, green apple, and a subtle spritz give this wine a crisp, refreshing feel that pairs well with seafood.",,N,,Y,Y
12-domaine-roblin-enclos-de-maimbray-sancerre-130,Domaine Roblin Enclos de Maimbray Sancerre,Domaine Roblin Enclos de Maimbray Sancerre,white,white,Sauvignon Blanc,Old World,France,Upper Loire,Sancerre,"Sancerre, Upper Loire, France",130,2023,,85,crisp,light,high,dry,unknown,seafood|salad|sipping,"Clean and focused Sancerre with classic Sauvignon Blanc character. Notes of citrus, fresh herbs, and flinty minerality with a dry, precise finish.",,,"Clean and focused Sancerre with classic Sauvignon Blanc character. Notes of citrus, fresh herbs, and flinty minerality with a dry, precise finish.",,N,,Y,Y
13-jean-claude-dagueneau-domaine-des-berthiers-pouilly-fum--133,Jean Claude Dagueneau Domaine des Berthiers Pouilly Fumé,Jean Claude Dagueneau Domaine des Berthiers Pouilly Fumé,white,white,Sauvignon Blanc,Old World,France,Loire Valley,Pouilly-Fumé,"Pouilly-Fumé, Loire Valley, France",133,2019,,100,crisp,bold,high,dry,unknown,steak|seafood|salad,"Structured and mineral-driven Sauvignon Blanc. Smoke, citrus peel, and stone fruit come together with a firm, dry finish.",,,"Structured and mineral-driven Sauvignon Blanc. Smoke, citrus peel, and stone fruit come together with a firm, dry finish.",,N,,Y,Y
14-ch-teau-la-louvi-re-grand-vin-de-graves-blanc-135,Château La Louvière Grand Vin de Graves Blanc,Château La Louvière Grand Vin de Graves Blanc,white,white,White Bordeaux Blend,Old World,France,Bordeaux,Pessac-Léognan,"Pessac-Léognan, Bordeaux, France",135,2018,,130,crisp,bold,high,dry,some,seafood,"Classic white Bordeaux with balance and depth. Citrus, stone fruit, and subtle oak influence give this wine richness without heaviness.",,,"Classic white Bordeaux with balance and depth. Citrus, stone fruit, and subtle oak influence give this wine richness without heaviness.",,N,,Y,Y
15-jean-charles-les-champs-l-huillier-chardonnay-136,Jean-Charles Les Champs L’Huillier Chardonnay,Jean-Charles Les Champs L’Huillier Chardonnay,white,white,Chardonnay,Old World,France,Bourgogne,Côte d’Or,"Côte d’Or, Bourgogne, France",136,2020,,75,crisp,medium,high,dry,some,seafood|pasta,"Traditional Burgundy Chardonnay with clean fruit and restrained oak. Apple, citrus, and a soft texture lead into a smooth, dry finish.",,,"Traditional Burgundy Chardonnay with clean fruit and restrained oak. Apple, citrus, and a soft texture lead into a smooth, dry finish.",,N,,Y,Y
16-marcel-servin-chablis-chardonnay-137,Marcel Servin Chablis Chardonnay,Marcel Servin Chablis Chardonnay,white,white,Chardonnay,Old World,France,Burgundy,Chablis,"Chablis, Burgundy, France",137,2022,,80,crisp,light,high,dry,unknown,seafood|pasta|salad|sipping,"Crisp and mineral-driven Chablis. Green apple, lemon, and chalky notes with bright acidity and a clean finish.",,,"Crisp and mineral-driven Chablis. Green apple, lemon, and chalky notes with bright acidity and a clean finish.",,N,,Y,Y
17-guy-robin-chablis-premier-cru-montmains-chardonnay-138,Guy Robin Chablis Premier Cru Montmains Chardonnay,Guy Robin Chablis Premier Cru Montmains Chardonnay,white,white,Chardonnay,Old World,France,Burgundy,Chablis,"Chablis, Burgundy, France",138,2019,,113,crisp,medium,high,dry,unknown,seafood|pasta,"More layered and expressive Chablis from a Premier Cru site. Citrus, stone fruit, and mineral notes with added depth and length.",,,"More layered and expressive Chablis from a Premier Cru site. Citrus, stone fruit, and mineral notes with added depth and length.",,N,,Y,Y
18-samuel-billaud-chablis-chardonnay-139,Samuel Billaud Chablis Chardonnay,Samuel Billaud Chablis Chardonnay,white,white,Chardonnay,Old World,France,Burgundy,Chablis,"Chablis, Burgundy, France",139,2020,,94,crisp,light,high,dry,unknown,seafood|pasta|salad,"Refined Chablis with precision and balance. Bright acidity, citrus, and subtle texture make this elegant and food-friendly.",,,"Refined Chablis with precision and balance. Bright acidity, citrus, and subtle texture make this elegant and food-friendly.",,N,,Y,Y
19-cinco-islas-albari-o-140,Cinco Islas Albariño,Cinco Islas Albariño,white,white,Albariño,Old World,Spain,Rías Baixas,,"Rías Baixas, Spain",140,2022,,54,crisp,light,high,dry,unknown,seafood|salad|sipping,"Fresh and aromatic Albariño with lively acidity. Notes of citrus, peach, and a hint of salinity give this wine a crisp coastal character.",,,"Fresh and aromatic Albariño with lively acidity. Notes of citrus, peach, and a hint of salinity give this wine a crisp coastal character.",,N,,Y,Y
20-romanelli-le-tese-trebbiano-spoletino-141,Romanelli Le Tese Trebbiano Spoletino,Romanelli Le Tese Trebbiano Spoletino,white,white,Trebbiano Spoletino,Old World,Italy,Umbria,IGT,"IGT, Umbria, Italy",141,,,70,crisp,medium,high,dry,unknown,seafood,"Medium-bodied Italian white with texture and subtle fruit. Stone fruit, citrus, and herbal notes with a dry, balanced finish.",,,"Medium-bodied Italian white with texture and subtle fruit. Stone fruit, citrus, and herbal notes with a dry, balanced finish.",,N,,Y,Y
21-domaine-des-sables-verts-saumur-blanc-chenin-blanc-146,Domaine des Sables Verts Saumur Blanc Chenin Blanc,Domaine des Sables Verts Saumur Blanc Chenin Blanc,white,white,Chenin Blanc,Old World,France,Loire Valley,Saumur,"Saumur, Loire Valley, France",146,2020,,54,crisp,light,high,dry,unknown,seafood|salad|sipping,"Clean and focused Chenin Blanc with bright acidity. Apple, pear, and light mineral notes with a dry, refreshing finish.",,,"Clean and focused Chenin Blanc with bright acidity. Apple, pear, and light mineral notes with a dry, refreshing finish.",,N,,Y,Y
22-pieropan-calvarino-garganega-151,Pieropan Calvarino Garganega,Pieropan Calvarino Garganega,white,white,Garganega,Old World,Italy,Veneto,Soave Classico,"Soave Classico, Veneto, Italy",151,2018,,73,crisp,medium,high,dry,unknown,seafood,"Classic Soave with depth and elegance. Almond, citrus, and stone fruit flavors with a long, mineral-driven finish.",,,"Classic Soave with depth and elegance. Almond, citrus, and stone fruit flavors with a long, mineral-driven finish.",,N,,Y,Y
23-marenco-scrapona-moscato-d-asti-154,Marenco Scrapona Moscato d’Asti,Marenco Scrapona Moscato d’Asti,white,white,Moscato,Old World,Italy,Piedmont,Asti,"Asti, Piedmont, Italy",154,2020,,51,crisp,light,high,sweet,unknown,seafood|salad|sipping,"Lightly sparkling and gently sweet Moscato. Fresh peach, orange blossom, and grape notes with low alcohol and a soft finish.",,,"Lightly sparkling and gently sweet Moscato. Fresh peach, orange blossom, and grape notes with low alcohol and a soft finish.",,N,,Y,Y
24-meyer-fonn-pf-ller-riesling-156,Meyer Fonné Pfœller Riesling,Meyer Fonné Pfœller Riesling,white,white,Riesling,Old World,France,Alsace,,"Alsace, France",156,2017,,115,crisp,light,high,dry,unknown,seafood|salad,"Dry Alsace Riesling with structure and clarity. Citrus, stone fruit, and mineral notes with a firm, focused finish.",,,"Dry Alsace Riesling with structure and clarity. Citrus, stone fruit, and mineral notes with a firm, focused finish.",,N,,Y,Y
25-rolly-gassmann-pflanzerreben-de-rorschwihr-riesling-158,Rolly Gassmann Pflanzerreben de Rorschwihr Riesling,Rolly Gassmann Pflanzerreben de Rorschwihr Riesling,white,white,Riesling,Old World,France,Alsace,,"Alsace, France",158,2008,,140,crisp,light,high,sweet,unknown,seafood|salad,"Mature Riesling with depth and complexity. Layers of citrus, honeyed notes, and minerality supported by balanced acidity.",,,"Mature Riesling with depth and complexity. Layers of citrus, honeyed notes, and minerality supported by balanced acidity.",,N,,Y,Y
26-marry-edwards-sauvignon-blanc-203,Marry Edwards Sauvignon Blanc,Marry Edwards Sauvignon Blanc,white,white,Sauvignon Blanc,New World,USA,California,Sonoma Russian River,"Sonoma Russian River, California, USA",203,2022,,115,crisp,bold,high,dry,unknown,seafood|salad,"Rich and expressive Sauvignon Blanc with bright acidity. Citrus, tropical fruit, and subtle herbal notes with a polished finish.",,,"Rich and expressive Sauvignon Blanc with bright acidity. Citrus, tropical fruit, and subtle herbal notes with a polished finish.",,N,,Y,Y
27-delille-chaleur-blanc-sauvignon-blanc-semillon-204,DeLille Chaleur Blanc Sauvignon Blanc & Semillon,DeLille Chaleur Blanc Sauvignon Blanc & Semillon,white,white,White Blend,New World,USA,Washington,Columbia Valley,"Columbia Valley, Washington, USA",204,2020,,75,crisp,light,high,dry,some,seafood|salad,"Bordeaux-inspired white blend with texture and balance. Citrus, stone fruit, and light oak influence give this wine depth and structure.",,,"Bordeaux-inspired white blend with texture and balance. Citrus, stone fruit, and light oak influence give this wine depth and structure.",,N,,Y,Y
28-upchurch-southwest-facing-sauvignon-blanc-205,Upchurch Southwest Facing Sauvignon Blanc,Upchurch Southwest Facing Sauvignon Blanc,white,white,Sauvignon Blanc,New World,USA,Washington,Yakima Valley,"Yakima Valley, Washington, USA",205,2018,,110,crisp,bold,high,dry,unknown,steak|seafood|salad,"Focused and structured Sauvignon Blanc. Bright citrus and stone fruit flavors with a clean, dry finish.",,,"Focused and structured Sauvignon Blanc. Bright citrus and stone fruit flavors with a clean, dry finish.",,N,,Y,Y
29-gramercy-cellars-picpoul-206,Gramercy Cellars Picpoul,Gramercy Cellars Picpoul,white,white,Picpoul,New World,USA,Washington,Walla Walla,"Walla Walla, Washington, USA",206,2022,,47,crisp,light,high,dry,unknown,seafood|salad|sipping,"Crisp and refreshing with bright acidity. Lemon, green apple, and mineral notes make this a lively, easy-drinking white.",,,"Crisp and refreshing with bright acidity. Lemon, green apple, and mineral notes make this a lively, easy-drinking white.",,N,,Y,Y
30-archery-summit-vireton-pinot-gris-208,Archery Summit Vireton Pinot Gris,Archery Summit Vireton Pinot Gris,white,white,Pinot Gris,New World,USA,Oregon,Willamette Valley,"Willamette Valley, Oregon, USA",208,2022,,40,crisp,light,high,dry,unknown,seafood|pasta|salad|sipping,"Light and clean Pinot Gris with subtle fruit. Pear, citrus, and a soft texture with a fresh, dry finish.",,,"Light and clean Pinot Gris with subtle fruit. Pear, citrus, and a soft texture with a fresh, dry finish.",,N,,Y,Y
31-l-ecole-no-41-old-vines-chenin-blanc-209,L’Ecole No. 41 Old Vines Chenin Blanc,L’Ecole No. 41 Old Vines Chenin Blanc,white,white,Chenin Blanc,New World,USA,Washington,Columbia Valley,"Columbia Valley, Washington, USA",209,2022,,44,crisp,light,high,dry,unknown,seafood|salad|sipping,"Old-vine Chenin Blanc with bright acidity and clean fruit. Apple, pear, and citrus notes with a crisp, refreshing finish.",,,"Old-vine Chenin Blanc with bright acidity and clean fruit. Apple, pear, and citrus notes with a crisp, refreshing finish.",,N,,Y,Y
32-lismore-estate-reserve-viognier-212,Lismore Estate Reserve Viognier,Lismore Estate Reserve Viognier,white,white,Viognier,Old World,South Africa,Overberg,,"Overberg, South Africa",212,2018,,84,crisp,bold,high,dry,unknown,salad|sipping,Textured and aromatic Viognier with stone fruit and floral notes. Rich on the palate but balanced by fresh acidity.,,,Textured and aromatic Viognier with stone fruit and floral notes. Rich on the palate but balanced by fresh acidity.,,N,,Y,Y
33-tablas-creek-patelin-de-tablas-blanc-213,Tablas Creek Patelin de Tablas Blanc,Tablas Creek Patelin de Tablas Blanc,white,white,White Rhône Blend,New World,USA,California,Paso Robles,"Paso Robles, California, USA",213,2021,,54,crisp,light,high,dry,unknown,seafood|pasta|salad|sipping,"French-inspired Rhône white blend with balance and freshness. Citrus, stone fruit, and light herbal notes with a dry, clean finish.",,,"French-inspired Rhône white blend with balance and freshness. Citrus, stone fruit, and light herbal notes with a dry, clean finish.",,N,,Y,Y
34-dusted-valley-olsen-vineyard-chardonnay-220,Dusted Valley Olsen Vineyard Chardonnay,Dusted Valley Olsen Vineyard Chardonnay,white,white,Chardonnay,New World,USA,Washington,Columbia Valley,"Columbia Valley, Washington, USA",220,2018,,63,crisp,light,high,dry,some,seafood,"Medium-bodied Chardonnay with ripe apple and citrus flavors. Light oak influence and a smooth, balanced finish.",,,"Medium-bodied Chardonnay with ripe apple and citrus flavors. Light oak influence and a smooth, balanced finish.",,N,,Y,Y
35-evening-land-seven-springs-chardonnay-223,Evening Land Seven Springs Chardonnay,Evening Land Seven Springs Chardonnay,white,white,Chardonnay,New World,USA,Oregon,Willamette Valley,"Willamette Valley, Oregon, USA",223,2022,,83,crisp,light,high,dry,unknown,seafood|salad,"Elegant Oregon Chardonnay with bright acidity. Citrus, pear, and subtle mineral notes with a clean, focused finish.",,,"Elegant Oregon Chardonnay with bright acidity. Citrus, pear, and subtle mineral notes with a clean, focused finish.",,N,,Y,Y
36-evening-land-summum-chardonnay-224,Evening Land Summum Chardonnay,Evening Land Summum Chardonnay,white,white,Chardonnay,New World,USA,Oregon,Willamette Valley,"Willamette Valley, Oregon, USA",224,2017,,185,crisp,bold,high,dry,some,seafood,"Rich and layered Chardonnay with depth and structure. Stone fruit, citrus, and well-integrated oak with a long finish.",,,"Rich and layered Chardonnay with depth and structure. Stone fruit, citrus, and well-integrated oak with a long finish.",,N,,Y,Y
37-evening-land-la-source-chardonnay-225,Evening Land La Source Chardonnay,Evening Land La Source Chardonnay,white,white,Chardonnay,New World,USA,Oregon,Willamette Valley,"Willamette Valley, Oregon, USA",225,2016,,175,crisp,medium,high,dry,some,seafood,"Complex and expressive Chardonnay with weight and intensity. Ripe fruit, minerality, and subtle oak create a long, polished finish.",,,"Complex and expressive Chardonnay with weight and intensity. Ripe fruit, minerality, and subtle oak create a long, polished finish.",,N,,Y,Y
38-sandhi-rinconada-chardonnay-227,Sandhi Rinconada Chardonnay,Sandhi Rinconada Chardonnay,white,white,Chardonnay,New World,USA,California,Santa Rita Hills,"Santa Rita Hills, California, USA",227,2020,,135,crisp,light,high,dry,some,seafood|salad,"Focused and mineral-driven Chardonnay. Citrus, apple, and light oak notes with bright acidity and tension.",,,"Focused and mineral-driven Chardonnay. Citrus, apple, and light oak notes with bright acidity and tension.",,N,,Y,Y
39-la-jota-w-s-keyes-vineyard-chardonnay-228,La Jota W.S. Keyes Vineyard Chardonnay,La Jota W.S. Keyes Vineyard Chardonnay,white,white,Chardonnay,New World,USA,California,Howell Mountain,"Howell Mountain, California, USA",228,2019,,225,crisp,bold,high,dry,some,steak|seafood,"Structured and powerful Chardonnay with depth. Stone fruit, citrus, and oak spice balanced by mountain-grown acidity.",,,"Structured and powerful Chardonnay with depth. Stone fruit, citrus, and oak spice balanced by mountain-grown acidity.",,N,,Y,Y
40-suzor-the-sunflower-chardonnay-229,Suzor The Sunflower Chardonnay,Suzor The Sunflower Chardonnay,white,white,Chardonnay,New World,USA,Oregon,Willamette Valley,"Willamette Valley, Oregon, USA",229,2020,,75,crisp,light,high,dry,unknown,seafood|salad|sipping,"Fresh and approachable Chardonnay with pear, citrus, and a subtle creamy texture. Light-bodied and clean, easy to pair with seafood, salads, or a casual first glass.",,,"Fresh and approachable Chardonnay with pear, citrus, and a subtle creamy texture. Light-bodied and clean, easy to pair with seafood, salads, or a casual first glass.",,N,,Y,Y
41-grgich-hills-chardonnay-232,Grgich Hills Chardonnay,Grgich Hills Chardonnay,white,white,Chardonnay,New World,USA,California,Napa Valley,"Napa Valley, California, USA",232,2018,,95,crisp,medium,high,dry,some,seafood,"Classic Napa Chardonnay with balance and restraint. Apple, citrus, and gentle oak with a smooth finish.",,,"Classic Napa Chardonnay with balance and restraint. Apple, citrus, and gentle oak with a smooth finish.",,N,,Y,Y
42-failla-sonoma-coast-chardonnay-233,Failla Sonoma Coast Chardonnay,Failla Sonoma Coast Chardonnay,white,white,Chardonnay,New World,USA,California,Sonoma Coast,"Sonoma Coast, California, USA",233,2019,,76,crisp,light,high,dry,unknown,seafood|salad|sipping,"Cool-climate Chardonnay with bright acidity. Citrus, pear, and light mineral notes keep this fresh and focused.",,,"Cool-climate Chardonnay with bright acidity. Citrus, pear, and light mineral notes keep this fresh and focused.",,N,,Y,Y
43-kistler-les-noisetiers-chardonnay-234,Kistler Les Noisetiers Chardonnay,Kistler Les Noisetiers Chardonnay,white,white,Chardonnay,New World,USA,California,Sonoma Coast,"Sonoma Coast, California, USA",234,2021,,145,smooth,bold,medium,dry,some,seafood,"Rich yet balanced Chardonnay with polished texture. Ripe fruit, baking spice, and integrated oak.",,,"Rich yet balanced Chardonnay with polished texture. Ripe fruit, baking spice, and integrated oak.",,N,,Y,Y
44-pahlmeyer-jayson-chardonnay-235,Pahlmeyer Jayson Chardonnay,Pahlmeyer Jayson Chardonnay,white,white,Chardonnay,New World,USA,California,Napa Valley,"Napa Valley, California, USA",235,2019,,135,crisp,bold,high,dry,some,seafood,"Fuller-bodied Chardonnay with ripe fruit and smooth oak. Stone fruit, citrus, and a round, lingering finish.",,,"Fuller-bodied Chardonnay with ripe fruit and smooth oak. Stone fruit, citrus, and a round, lingering finish.",,N,,Y,Y
45-ltl-grenache-ros--238,LTL Grenache Rosé,LTL Grenache Rosé,rose,rose,Grenache,New World,USA,Washington,Yakima Valley,"Yakima Valley, Washington, USA",238,2019,,50,crisp,light,high,dry,unknown,seafood|pasta|salad|sipping,"Dry rosé with fresh red fruit and crisp acidity. Strawberry, citrus, and a clean finish make this refreshing and versatile.",,,"Dry rosé with fresh red fruit and crisp acidity. Strawberry, citrus, and a clean finish make this refreshing and versatile.",,N,,Y,Y
46-tiberio-cerasuolo-d-abruzzo-montepulciano-241,Tiberio Cerasuolo d’Abruzzo Montepulciano,Tiberio Cerasuolo d’Abruzzo Montepulciano,rose,rose,Montepulciano,Old World,Italy,Abruzzo,Cerasuolo d’Abruzzo,"Cerasuolo d’Abruzzo, Abruzzo, Italy",241,2019,,44,crisp,light,high,dry,unknown,salad|sipping,"Deeper-colored rosé with bright fruit and structure. Cherry, strawberry, and fresh acidity with a dry finish.",,,"Deeper-colored rosé with bright fruit and structure. Cherry, strawberry, and fresh acidity with a dry finish.",,N,,Y,Y
47-domaine-mondange-laudria-ros-sciaccarellu-242,Domaine Mondange Laudria Rosé Sciaccarellu,Domaine Mondange Laudria Rosé Sciaccarellu,rose,rose,Sciaccarellu,Old World,Italy,Laudria,,"Laudria, Italy",242,2022,,63,crisp,light,high,dry,unknown,salad|sipping,"Light and aromatic rosé with delicate red berry, citrus, and a dry, refreshing finish. A crisp, easy pick for salads or patio sipping.",,,"Light and aromatic rosé with delicate red berry, citrus, and a dry, refreshing finish. A crisp, easy pick for salads or patio sipping.",,N,,Y,Y
48-la-spinetta-il-ros-di-casanova-243,La Spinetta Il Rosé di Casanova,La Spinetta Il Rosé di Casanova,rose,rose,Sangiovese Blend,Old World,Italy,Tuscany,IGT,"IGT, Tuscany, Italy",243,2020,,70,crisp,light,high,dry,unknown,seafood|pasta|salad|sipping,Clean and dry rosé with bright acidity. Red berry and citrus notes with a crisp finish.,,,Clean and dry rosé with bright acidity. Red berry and citrus notes with a crisp finish.,,N,,Y,Y
49-fattoria-di-bacchereto-terre-a-mano-sassocarlo-bianco-244,Fattoria di Bacchereto Terre a Mano Sassocarlo Bianco,Fattoria di Bacchereto Terre a Mano Sassocarlo Bianco,rose,rose,Orange Wine,Old World,Italy,Tuscany,IGT,"IGT, Tuscany, Italy",244,,,130,crisp,bold,high,dry,unknown,steak|seafood|pasta|salad,"Textured skin-contact white with depth and character. Stone fruit, citrus peel, and earthy notes with a structured, dry finish.",,,"Textured skin-contact white with depth and character. Stone fruit, citrus peel, and earthy notes with a structured, dry finish.",,N,,Y,Y
50-stephane-aviron-fleurie-vieilles-vignes-gamay-245,Stephane Aviron Fleurie Vieilles Vignes Gamay,Stephane Aviron Fleurie Vieilles Vignes Gamay,red,red,Gamay,Old World,France,Beaujolais,Fleurie,"Fleurie, Beaujolais, France",245,2020,,64,crisp,light,high,dry,unknown,steak|salad|sipping,"Light and elegant Gamay from old vines. Fresh red fruit, floral notes, and soft tannins with a smooth, easy finish.",,,"Light and elegant Gamay from old vines. Fresh red fruit, floral notes, and soft tannins with a smooth, easy finish.",,N,,Y,Y
51-domaine-fagolett-morgon-le-janin-gamay-246,Domaine Fagolett Morgon Le Janin Gamay,Domaine Fagolett Morgon Le Janin Gamay,red,red,Gamay,Old World,France,Beaujolais,Morgon,"Morgon, Beaujolais, France",246,2020,,66,fruity,bold,medium,dry,unknown,steak|pasta,"More structured Beaujolais with darker fruit and a touch of earth. Cherry, plum, and gentle spice with good depth.",,,"More structured Beaujolais with darker fruit and a touch of earth. Cherry, plum, and gentle spice with good depth.",,N,,Y,Y
52-enzo-boglietti-barbera-d-alba-250,Enzo Boglietti Barbera d’Alba,Enzo Boglietti Barbera d’Alba,red,red,Barbera,Old World,Italy,Piedmont,Alba,"Alba, Piedmont, Italy",250,2020,,48,crisp,light,high,dry,unknown,pasta|salad,"Bright and food-friendly Barbera with lively acidity. Red cherry, plum, and a clean, dry finish.",,,"Bright and food-friendly Barbera with lively acidity. Red cherry, plum, and a clean, dry finish.",,N,,Y,Y
53-roberto-voerzio-il-cerreto-barbera-d-alba-251,Roberto Voerzio Il Cerreto Barbera d’Alba,Roberto Voerzio Il Cerreto Barbera d’Alba,red,red,Barbera,Old World,Italy,Piedmont,Alba,"Alba, Piedmont, Italy",251,2019,,90,crisp,bold,high,dry,unknown,pasta,"Polished and concentrated Barbera with depth. Ripe red fruit, balanced acidity, and a smooth, lingering finish.",,,"Polished and concentrated Barbera with depth. Ripe red fruit, balanced acidity, and a smooth, lingering finish.",,N,,Y,Y
54-voerzio-alberto-barbera-d-alba-252,Voerzio Alberto Barbera d’Alba,Voerzio Alberto Barbera d’Alba,red,red,Barbera,Old World,Italy,Piedmont,La Morra,"La Morra, Piedmont, Italy",252,2020,,108,crisp,bold,high,dry,unknown,steak|pasta|salad|sipping,Rich and expressive Barbera with dark fruit and structure. Balanced acidity keeps it fresh and focused.,,,Rich and expressive Barbera with dark fruit and structure. Balanced acidity keeps it fresh and focused.,,N,,Y,Y
55-masi-serego-alighieri-vaio-armaron-254,Masi Serego Alighieri Vaio Armaron,Masi Serego Alighieri Vaio Armaron,red,red,Corvina Blend,Old World,Italy,Veneto,Valpolicella,"Valpolicella, Veneto, Italy",254,2012,,180,rich,bold,medium,dry,unknown,steak,"Deep and complex red with dried fruit and spice. Rich texture with layers of dark cherry, cocoa, and a long finish.",,,"Deep and complex red with dried fruit and spice. Rich texture with layers of dark cherry, cocoa, and a long finish.",,N,,Y,Y
56-masi-campolongo-di-torbe-amarone-della-valpolicella-255,Masi Campolongo di Torbe Amarone della Valpolicella,Masi Campolongo di Torbe Amarone della Valpolicella,red,red,Corvina Blend,Old World,Italy,Veneto,Valpolicella,"Valpolicella, Veneto, Italy",255,2011,,225,rich,bold,medium,dry,unknown,steak,"Full-bodied Amarone with power and concentration. Dried fruit, dark chocolate, and warming spice with a long, bold finish.",,,"Full-bodied Amarone with power and concentration. Dried fruit, dark chocolate, and warming spice with a long, bold finish.",,N,,Y,Y
57-comando-g-la-bruja-aver-a-garnacha-257,Comando G La Bruja Avería Garnacha,Comando G La Bruja Avería Garnacha,red,red,Garnacha,Old World,Spain,Madrid,,"Madrid, Spain",257,2021,,81,crisp,light,high,dry,unknown,pasta|salad|sipping,"Lively Garnacha with bright red cherry, raspberry, and gentle spice. Light-bodied and fresh, with enough savory edge for tomato pasta, roasted vegetables, or a chillable red moment.",,,"Lively Garnacha with bright red cherry, raspberry, and gentle spice. Light-bodied and fresh, with enough savory edge for tomato pasta, roasted vegetables, or a chillable red moment.",,N,,Y,Y
58-coster-dels-olivers-garnacha-cabernet-sauvignon-258,Coster dels Olivers Garnacha Cabernet Sauvignon,Coster dels Olivers Garnacha Cabernet Sauvignon,red,red,Blend,Old World,Spain,Priorat,,"Priorat, Spain",258,2019,,56,fruity,bold,high,dry,unknown,steak|seafood|pasta|salad,Rustic and expressive blend with dark fruit and earth. Firm structure balanced by ripe fruit.,,,Rustic and expressive blend with dark fruit and earth. Firm structure balanced by ripe fruit.,,N,,Y,Y
59-glantenet-pere-fils-hautes-c-tes-de-nuits-pinot-noir-259,Glantenet Pere & Fils Hautes-Côtes de Nuits Pinot Noir,Glantenet Pere & Fils Hautes-Côtes de Nuits Pinot Noir,red,red,Pinot Noir,Old World,France,Burgundy,Hautes-Côtes de Nuits,"Hautes-Côtes de Nuits, Burgundy, France",259,2021,,69,crisp,light,high,dry,unknown,steak|pasta|salad|sipping,Fresh and approachable Pinot Noir with red berry fruit and soft tannins. Light-bodied and easy to enjoy.,,,Fresh and approachable Pinot Noir with red berry fruit and soft tannins. Light-bodied and easy to enjoy.,,N,,Y,Y
60-rolly-gassmann-pinot-noir-260,Rolly Gassmann Pinot Noir,Rolly Gassmann Pinot Noir,red,red,Pinot Noir,Old World,France,Alsace,,"Alsace, France",260,2019,,63,fruity,light,medium,dry,unknown,pasta,Light and savory Pinot Noir with subtle earth and red fruit. Clean and balanced with a gentle finish.,,,Light and savory Pinot Noir with subtle earth and red fruit. Clean and balanced with a gentle finish.,,N,,Y,Y
61-capitain-gagnerot-savigny-l-s-beaune-1er-cru-les-charni-res-262,Capitain-Gagnerot Savigny-lès-Beaune 1er Cru Les Charnières,Capitain-Gagnerot Savigny-lès-Beaune 1er Cru Les Charnières,red,red,Pinot Noir,Old World,France,Burgundy,Savigny-lès-Beaune,"Savigny-lès-Beaune, Burgundy, France",262,2020,,125,fruity,bold,medium,dry,unknown,steak|pasta,"Structured Pinot Noir with depth and elegance. Red fruit, earth, and fine tannins with a long finish.",,,"Structured Pinot Noir with depth and elegance. Red fruit, earth, and fine tannins with a long finish.",,N,,Y,Y
62-domaine-glantenet-hautes-c-tes-de-nuits-pinot-noir-264,Domaine Glantenet Hautes-Côtes de Nuits Pinot Noir,Domaine Glantenet Hautes-Côtes de Nuits Pinot Noir,red,red,Pinot Noir,Old World,France,Burgundy,Hautes-Côtes de Nuits,"Hautes-Côtes de Nuits, Burgundy, France",264,2021,,75,crisp,light,high,dry,unknown,pasta|salad|sipping,"Classic cool-climate Pinot Noir. Bright cherry, light spice, and fresh acidity.",,,"Classic cool-climate Pinot Noir. Bright cherry, light spice, and fresh acidity.",,N,,Y,Y
63-domaine-du-prieur-savigny-l-s-beaune-1er-cru-les-hauts-jarrons-267,Domaine du Prieuré Savigny-lès-Beaune 1er Cru Les Hauts Jarrons,Domaine du Prieuré Savigny-lès-Beaune 1er Cru Les Hauts Jarrons,red,red,Pinot Noir,Old World,France,Burgundy,Savigny-lès-Beaune,"Savigny-lès-Beaune, Burgundy, France",267,2019,,105,smooth,light,medium,dry,unknown,steak|pasta,"Refined and balanced Pinot Noir. Red fruit, subtle earth, and smooth tannins.",,,"Refined and balanced Pinot Noir. Red fruit, subtle earth, and smooth tannins.",,N,,Y,Y
64-alain-gras-auxey-duresses-tr-s-vieilles-vignes-pinot-noir-268,Alain Gras Auxey-Duresses Très Vieilles Vignes Pinot Noir,Alain Gras Auxey-Duresses Très Vieilles Vignes Pinot Noir,red,red,Pinot Noir,Old World,France,Burgundy,Côte de Beaune,"Côte de Beaune, Burgundy, France",268,2016,,115,smooth,light,medium,dry,unknown,pasta,"Old-vine Pinot Noir with depth and maturity. Layered red fruit, earth, and a silky texture.",,,"Old-vine Pinot Noir with depth and maturity. Layered red fruit, earth, and a silky texture.",,N,,Y,Y
65-la-pousse-d-or-clos-de-tavannes-santenay-1er-cru-269,La Pousse d’Or Clos de Tavannes Santenay 1er Cru,La Pousse d’Or Clos de Tavannes Santenay 1er Cru,red,red,Pinot Noir,Old World,France,Burgundy,Santenay,"Santenay, Burgundy, France",269,2020,,222,crisp,bold,high,dry,unknown,seafood|pasta,"Focused and elegant Premier Cru Pinot Noir. Concentrated fruit, minerality, and a long, refined finish.",,,"Focused and elegant Premier Cru Pinot Noir. Concentrated fruit, minerality, and a long, refined finish.",,Y,,Y,Y
66-domaine-de-courcel-pommard-le-grand-clos-epenots-1er-cru-270,Domaine de Courcel Pommard Le Grand Clos Epenots 1er Cru,Domaine de Courcel Pommard Le Grand Clos Epenots 1er Cru,red,red,Pinot Noir,Old World,France,Burgundy,Pommard,"Pommard, Burgundy, France",270,2014,,285,fruity,bold,medium,dry,unknown,steak|pasta,"Powerful and structured Pinot Noir. Dark fruit, firm tannins, and depth built for aging.",,,"Powerful and structured Pinot Noir. Dark fruit, firm tannins, and depth built for aging.",,N,,Y,Y
67-domaine-de-courcel-pommard-le-grand-clos-epenots-1er-cru-271,Domaine de Courcel Pommard Le Grand Clos Epenots 1er Cru,Domaine de Courcel Pommard Le Grand Clos Epenots 1er Cru,red,red,Pinot Noir,Old World,France,Burgundy,Pommard,"Pommard, Burgundy, France",271,2019,,315,fruity,bold,medium,dry,unknown,steak|pasta,"Younger and tightly structured expression of this Premier Cru. Dense fruit, strength, and long-term potential.",,,"Younger and tightly structured expression of this Premier Cru. Dense fruit, strength, and long-term potential.",,N,,Y,Y
68-elio-sandri-langhe-nebbiolo-274,Elio Sandri Langhe Nebbiolo,Elio Sandri Langhe Nebbiolo,red,red,Nebbiolo,Old World,Italy,Piedmont,Langhe,"Langhe, Piedmont, Italy",274,2020,,90,crisp,bold,high,dry,unknown,pasta|salad,"Classic Nebbiolo with bright acidity and firm structure. Red cherry, rose petal, and light earth with a clean, focused finish.",,,"Classic Nebbiolo with bright acidity and firm structure. Red cherry, rose petal, and light earth with a clean, focused finish.",,N,,Y,Y
69-sori-montaribaldi-barbaresco-nebbiolo-278,Sori Montaribaldi Barbaresco Nebbiolo,Sori Montaribaldi Barbaresco Nebbiolo,red,red,Nebbiolo,Old World,Italy,Piedmont,Barbaresco,"Barbaresco, Piedmont, Italy",278,2016,,98,smooth,bold,medium,dry,unknown,steak|pasta,Refined and balanced Barbaresco with red fruit and floral notes. Structured but approachable with smooth tannins.,,,Refined and balanced Barbaresco with red fruit and floral notes. Structured but approachable with smooth tannins.,,N,,Y,Y
70-marchesi-di-gr-sy-martinenga-barbaresco-nebbiolo-281,Marchesi di Grésy Martinenga Barbaresco Nebbiolo,Marchesi di Grésy Martinenga Barbaresco Nebbiolo,red,red,Nebbiolo,Old World,Italy,Piedmont,Barbaresco,"Barbaresco, Piedmont, Italy",281,2018,,125,fruity,bold,medium,dry,unknown,pasta|salad,"Classic Barbaresco with elegance and depth. Cherry, dried rose, and subtle spice with a long finish.",,,"Classic Barbaresco with elegance and depth. Cherry, dried rose, and subtle spice with a long finish.",,N,,Y,Y
71-massolino-serralunga-d-alba-barbaresco-nebbiolo-283,Massolino Serralunga d’Alba Barbaresco Nebbiolo,Massolino Serralunga d’Alba Barbaresco Nebbiolo,red,red,Nebbiolo,Old World,Italy,Piedmont,Barbaresco,"Barbaresco, Piedmont, Italy",283,2019,,120,crisp,bold,high,dry,unknown,steak|seafood|pasta|salad,"Structured Nebbiolo with firm tannins and bright acidity. Red fruit, earth, and minerality with good aging potential.",,,"Structured Nebbiolo with firm tannins and bright acidity. Red fruit, earth, and minerality with good aging potential.",,N,,Y,Y
72-elena-giuseppe-ascheri-barolo-nebbiolo-285,Elena Giuseppe Ascheri Barolo Nebbiolo,Elena Giuseppe Ascheri Barolo Nebbiolo,red,red,Nebbiolo,Old World,Italy,Piedmont,Barolo,"Barolo, Piedmont, Italy",285,2019,,120,fruity,bold,medium,sweet,unknown,steak|pasta,"Classic Barolo with structure and grip. Cherry, dried herbs, and earth supported by firm tannins.",,,"Classic Barolo with structure and grip. Cherry, dried herbs, and earth supported by firm tannins.",,N,,Y,Y
73-enzo-boglietti-arione-barolo-nebbiolo-286,Enzo Boglietti Arione Barolo Nebbiolo,Enzo Boglietti Arione Barolo Nebbiolo,red,red,Nebbiolo,Old World,Italy,Piedmont,Barolo,"Barolo, Piedmont, Italy",286,2016,,180,fruity,bold,medium,dry,unknown,pasta,"Powerful and focused Barolo from a respected site. Dark cherry, spice, and strong structure with a long finish.",,,"Powerful and focused Barolo from a respected site. Dark cherry, spice, and strong structure with a long finish.",,N,,Y,Y
74-renato-ratti-marcenasco-barolo-nebbiolo-289,Renato Ratti Marcenasco Barolo Nebbiolo,Renato Ratti Marcenasco Barolo Nebbiolo,red,red,Nebbiolo,Old World,Italy,Piedmont,Barolo,"Barolo, Piedmont, Italy",289,2018,,145,smooth,bold,medium,dry,unknown,steak|pasta,"Polished, full-bodied Barolo with rose, red cherry, dried herb, and gentle earthy notes. Structured but approachable, with balanced tannins that suit steak, braised meats, or mushroom pasta.",,,"Polished, full-bodied Barolo with rose, red cherry, dried herb, and gentle earthy notes. Structured but approachable, with balanced tannins that suit steak, braised meats, or mushroom pasta.",,N,,Y,Y
75-roberto-voerzio-fossati-case-nere-barolo-riserva-nebbiolo-290,Roberto Voerzio Fossati Case Nere Barolo Riserva Nebbiolo,Roberto Voerzio Fossati Case Nere Barolo Riserva Nebbiolo,red,red,Nebbiolo,Old World,Italy,Piedmont,Barolo,"Barolo, Piedmont, Italy",290,2009,,785,fruity,bold,medium,dry,unknown,pasta,"Highly concentrated and mature Barolo Riserva. Deep layers of fruit, earth, and spice with serious structure.",,,"Highly concentrated and mature Barolo Riserva. Deep layers of fruit, earth, and spice with serious structure.",,N,,Y,Y
76-roberto-voerzio-cerequio-barolo-nebbiolo-291,Roberto Voerzio Cerequio Barolo Nebbiolo,Roberto Voerzio Cerequio Barolo Nebbiolo,red,red,Nebbiolo,Old World,Italy,Piedmont,Barolo,"Barolo, Piedmont, Italy",291,2013,,785,fruity,bold,medium,dry,unknown,steak|pasta,"Intense and refined Barolo from a top vineyard. Dense fruit, firm tannins, and long aging potential.",,,"Intense and refined Barolo from a top vineyard. Dense fruit, firm tannins, and long aging potential.",,N,,Y,Y
77-roberto-voerzio-la-serra-barolo-nebbiolo-292,Roberto Voerzio La Serra Barolo Nebbiolo,Roberto Voerzio La Serra Barolo Nebbiolo,red,red,Nebbiolo,Old World,Italy,Piedmont,Barolo,"Barolo, Piedmont, Italy",292,2013,,785,fruity,bold,medium,dry,unknown,steak|pasta,"Structured and expressive Barolo with depth. Red fruit, earth, and a powerful backbone.",,,"Structured and expressive Barolo with depth. Red fruit, earth, and a powerful backbone.",,N,,Y,Y
78-roberto-voerzio-brunate-barolo-nebbiolo-293,Roberto Voerzio Brunate Barolo Nebbiolo,Roberto Voerzio Brunate Barolo Nebbiolo,red,red,Nebbiolo,Old World,Italy,Piedmont,Barolo,"Barolo, Piedmont, Italy",293,2015,,785,fruity,bold,medium,dry,unknown,steak|pasta,"Classic Brunate Barolo with intensity and balance. Concentrated fruit, spice, and strong tannins.",,,"Classic Brunate Barolo with intensity and balance. Concentrated fruit, spice, and strong tannins.",,N,,Y,Y
79-roberto-voerzio-fossati-barolo-nebbiolo-294,Roberto Voerzio Fossati Barolo Nebbiolo,Roberto Voerzio Fossati Barolo Nebbiolo,red,red,Nebbiolo,Old World,Italy,Piedmont,Barolo,"Barolo, Piedmont, Italy",294,2015,,785,fruity,bold,medium,dry,unknown,steak|pasta,"Deep and structured Barolo built for aging. Dark fruit, earth, and firm tannins with a long finish.",,,"Deep and structured Barolo built for aging. Dark fruit, earth, and firm tannins with a long finish.",,N,,Y,Y
80-paul-de-albas-tempranillo-304,Paul de Albas Tempranillo,Paul de Albas Tempranillo,red,red,Tempranillo,Old World,Spain,Ribera del Duero,,"Ribera del Duero, Spain",304,2011,,158,fruity,bold,medium,dry,unknown,steak|pasta,Structured and mature Tempranillo with dark fruit and savory notes. Firm tannins and depth from extended aging.,,,Structured and mature Tempranillo with dark fruit and savory notes. Firm tannins and depth from extended aging.,,N,,Y,Y
81-marqu-s-de-riscal-reserva-tempranillo-309,Marqués de Riscal Reserva Tempranillo,Marqués de Riscal Reserva Tempranillo,red,red,Tempranillo,Old World,Spain,Rioja,,"Rioja, Spain",309,2017,,63,smooth,medium,medium,dry,some,steak,"Classic Rioja Reserva style. Red fruit, vanilla, and soft spice with a smooth, balanced finish.",,,"Classic Rioja Reserva style. Red fruit, vanilla, and soft spice with a smooth, balanced finish.",,N,,Y,Y
82-izarbe-reserva-selecci-n-tempranillo-311,Izarbe Reserva Selección Tempranillo,Izarbe Reserva Selección Tempranillo,red,red,Tempranillo,Old World,Spain,Rioja,,"Rioja, Spain",311,2014,,70,fruity,medium,medium,dry,some,steak,"Medium-bodied Rioja Reserva with cherry, dried herb, cedar, and gentle oak. Smooth and savory rather than heavy, making it a natural match for steak or roasted dishes.",,,"Medium-bodied Rioja Reserva with cherry, dried herb, cedar, and gentle oak. Smooth and savory rather than heavy, making it a natural match for steak or roasted dishes.",,N,,Y,Y
83-izarbe-gran-reserva-tempranillo-312,Izarbe Gran Reserva Tempranillo,Izarbe Gran Reserva Tempranillo,red,red,Tempranillo,Old World,Spain,Rioja,,"Rioja, Spain",312,2008,,105,smooth,medium,medium,dry,unknown,steak,"Aged Gran Reserva with complexity and softness. Leather, dried fruit, and spice with a long finish.",,,"Aged Gran Reserva with complexity and softness. Leather, dried fruit, and spice with a long finish.",,N,,Y,Y
84-dominio-pingus-flor-de-pingus-tempranillo-315,Dominio Pingus Flor de Pingus Tempranillo,Dominio Pingus Flor de Pingus Tempranillo,red,red,Tempranillo,Old World,Spain,Ribera del Duero,,"Ribera del Duero, Spain",315,2020,,240,smooth,bold,medium,dry,unknown,steak,"Powerful yet polished Tempranillo. Dark fruit, structure, and intensity with a refined finish.",,,"Powerful yet polished Tempranillo. Dark fruit, structure, and intensity with a refined finish.",,N,,Y,Y
85-caparzo-la-caduta-rosso-di-montalcino-320,Caparzo La Caduta Rosso di Montalcino,Caparzo La Caduta Rosso di Montalcino,red,red,Sangiovese,Old World,Italy,Tuscany,Montalcino,"Montalcino, Tuscany, Italy",320,2017,,75,crisp,light,high,dry,unknown,pasta|salad,"Classic Rosso di Montalcino with bright red fruit and firm acidity. Cherry, dried herbs, and a clean, straightforward finish.",,,"Classic Rosso di Montalcino with bright red fruit and firm acidity. Cherry, dried herbs, and a clean, straightforward finish.",,N,,Y,Y
86-badia-a-coltibuono-chianti-classico-322,Badia a Coltibuono Chianti Classico,Badia a Coltibuono Chianti Classico,red,red,Sangiovese Blend,Old World,Italy,Tuscany,Chianti Classico,"Chianti Classico, Tuscany, Italy",322,2018,,50,crisp,light,high,dry,unknown,pasta|salad|sipping,"Traditional Chianti Classico with fresh acidity and earthy red fruit. Rustic, balanced, and very food-friendly.",,,"Traditional Chianti Classico with fresh acidity and earthy red fruit. Rustic, balanced, and very food-friendly.",,N,,Y,Y
87-castello-la-leccia-chianti-classico-323,Castello La Leccia Chianti Classico,Castello La Leccia Chianti Classico,red,red,Sangiovese,Old World,Italy,Tuscany,Chianti Classico,"Chianti Classico, Tuscany, Italy",323,2019,,52,crisp,light,high,dry,unknown,pasta|salad|sipping,"Clean and approachable Chianti Classico. Red cherry, light spice, and a dry, refreshing finish.",,,"Clean and approachable Chianti Classico. Red cherry, light spice, and a dry, refreshing finish.",,N,,Y,Y
88-castello-la-leccia-bruciagna-gran-selezione-324,Castello La Leccia Bruciagna Gran Selezione,Castello La Leccia Bruciagna Gran Selezione,red,red,Sangiovese,Old World,Italy,Tuscany,Chianti Classico,"Chianti Classico, Tuscany, Italy",324,2018,,147,fruity,bold,medium,dry,unknown,steak|pasta,"More structured Chianti Classico with depth and polish. Concentrated fruit, firm tannins, and a long finish.",,,"More structured Chianti Classico with depth and polish. Concentrated fruit, firm tannins, and a long finish.",,N,,Y,Y
89-isola-delle-falcole-vecchia-vigna-blend-325,Isola delle Falcole Vecchia Vigna Blend,Isola delle Falcole Vecchia Vigna Blend,red,red,Sangiovese Blend,Old World,Italy,Tuscany,,"Tuscany, Italy",325,2017,,120,crisp,bold,high,dry,unknown,pasta,"Richer Tuscan red with ripe fruit and structure. Dark cherry, earth, and balanced acidity.",,,"Richer Tuscan red with ripe fruit and structure. Dark cherry, earth, and balanced acidity.",,N,,Y,Y
90-isola-delle-falcole-chianti-classico-gran-selezione-326,Isola delle Falcole Chianti Classico Gran Selezione,Isola delle Falcole Chianti Classico Gran Selezione,red,red,Sangiovese,Old World,Italy,Tuscany,Chianti Classico,"Chianti Classico, Tuscany, Italy",326,2019,,250,fruity,bold,medium,dry,unknown,steak|pasta,"Powerful and concentrated Gran Selezione. Dense fruit, firm tannins, and serious structure.",,,"Powerful and concentrated Gran Selezione. Dense fruit, firm tannins, and serious structure.",,N,,Y,Y
91-fontodi-chianti-classico-327,Fontodi Chianti Classico,Fontodi Chianti Classico,red,red,Sangiovese,Old World,Italy,Tuscany,Chianti Classico,"Chianti Classico, Tuscany, Italy",327,2019,,135,smooth,medium,medium,dry,unknown,steak|pasta,"Well-balanced Chianti Classico with clarity and depth. Red fruit, earth, and polished tannins.",,,"Well-balanced Chianti Classico with clarity and depth. Red fruit, earth, and polished tannins.",,N,,Y,Y
92-avignonesi-grifi-328,Avignonesi Grifi,Avignonesi Grifi,red,red,Sangiovese Cabernet Sauvignon,Old World,Italy,Tuscany,Toscana IGT,"Toscana IGT, Tuscany, Italy",328,2019,,86,smooth,bold,high,dry,unknown,steak|seafood|pasta|salad,"Blend of Sangiovese and Cabernet Sauvignon with structure and richness. Dark fruit, spice, and a smooth finish.",,,"Blend of Sangiovese and Cabernet Sauvignon with structure and richness. Dark fruit, spice, and a smooth finish.",,N,,Y,Y
93-fattoria-di-bacchereto-terre-a-mano-sangiovese-blend-329,Fattoria di Bacchereto Terre a Mano Sangiovese Blend,Fattoria di Bacchereto Terre a Mano Sangiovese Blend,red,red,Sangiovese Blend,Old World,Italy,Tuscany,Carmignano,"Carmignano, Tuscany, Italy",329,2018,,125,rich,medium,medium,dry,unknown,steak|pasta,"Textured and expressive Tuscan red. Earthy notes, dark fruit, and a firm, dry finish.",,,"Textured and expressive Tuscan red. Earthy notes, dark fruit, and a firm, dry finish.",,N,,Y,Y
94-baricci-rosso-di-montalcino-330,Baricci Rosso di Montalcino,Baricci Rosso di Montalcino,red,red,Sangiovese,Old World,Italy,Tuscany,Montalcino,"Montalcino, Tuscany, Italy",330,2022,,105,crisp,light,high,dry,unknown,pasta|salad|sipping,"Fresh and focused Rosso di Montalcino. Bright cherry, lively acidity, and clean structure.",,,"Fresh and focused Rosso di Montalcino. Bright cherry, lively acidity, and clean structure.",,N,,Y,Y
95-baricci-brunello-di-montalcino-331,Baricci Brunello di Montalcino,Baricci Brunello di Montalcino,red,red,Sangiovese,Old World,Italy,Tuscany,Montalcino,"Montalcino, Tuscany, Italy",331,2018,,200,fruity,bold,medium,dry,unknown,steak|pasta,"Structured Brunello with depth and balance. Dark cherry, earth, and firm tannins built to age.",,,"Structured Brunello with depth and balance. Dark cherry, earth, and firm tannins built to age.",,N,,Y,Y
96-argiano-brunello-di-montalcino-333,Argiano Brunello di Montalcino,Argiano Brunello di Montalcino,red,red,Sangiovese,Old World,Italy,Tuscany,Montalcino,"Montalcino, Tuscany, Italy",333,2017,,168,smooth,medium,medium,dry,unknown,steak|pasta,"Classic Brunello with elegance and length. Red fruit, dried herbs, and polished tannins.",,,"Classic Brunello with elegance and length. Red fruit, dried herbs, and polished tannins.",,N,,Y,Y
97-argiano-brunello-di-montalcino-334,Argiano Brunello di Montalcino,Argiano Brunello di Montalcino,red,red,Sangiovese,Old World,Italy,Tuscany,Montalcino,"Montalcino, Tuscany, Italy",334,2018,,237,fruity,bold,medium,dry,unknown,steak|pasta,"Younger, more structured Brunello. Concentrated fruit, firm grip, and long aging potential.",,,"Younger, more structured Brunello. Concentrated fruit, firm grip, and long aging potential.",,N,,Y,Y
98-gaja-pieve-santa-restituta-brunello-di-montalcino-335,Gaja Pieve Santa Restituta Brunello di Montalcino,Gaja Pieve Santa Restituta Brunello di Montalcino,red,red,Sangiovese,Old World,Italy,Tuscany,Montalcino,"Montalcino, Tuscany, Italy",335,2018,,240,fruity,medium,medium,dry,unknown,pasta,"Refined Brunello with depth and precision. Layered fruit, structure, and a long, elegant finish.",,,"Refined Brunello with depth and precision. Layered fruit, structure, and a long, elegant finish.",,N,,Y,Y
99-caparzo-la-casa-brunello-di-montalcino-336,Caparzo La Casa Brunello di Montalcino,Caparzo La Casa Brunello di Montalcino,red,red,Sangiovese,Old World,Italy,Tuscany,Montalcino,"Montalcino, Tuscany, Italy",336,2004,,340,smooth,medium,medium,dry,unknown,pasta,"Mature, medium-bodied Brunello with dried cherry, leather, earth, and savory spice. Softened with age but still structured, it is a strong choice for rich pasta, ragu, or slow-roasted meats.",,,"Mature, medium-bodied Brunello with dried cherry, leather, earth, and savory spice. Softened with age but still structured, it is a strong choice for rich pasta, ragu, or slow-roasted meats.",,N,,Y,Y
100-fontodi-flaccianello-della-pieve-337,Fontodi Flaccianello della Pieve,Fontodi Flaccianello della Pieve,red,red,Sangiovese,Old World,Italy,Tuscany,Colli della Toscana Centrale,"Colli della Toscana Centrale, Tuscany, Italy",337,2011,,345,fruity,bold,medium,dry,unknown,pasta,"Powerful Super Tuscan made from Sangiovese. Dense fruit, structure, and depth with aging character.",,,"Powerful Super Tuscan made from Sangiovese. Dense fruit, structure, and depth with aging character.",,Y,,Y,Y
101-fontodi-flaccianello-della-pieve-338,Fontodi Flaccianello della Pieve,Fontodi Flaccianello della Pieve,red,red,Sangiovese,Old World,Italy,Tuscany,Colli della Toscana Centrale,"Colli della Toscana Centrale, Tuscany, Italy",338,2018,,335,fruity,bold,medium,dry,unknown,steak|pasta,"Younger and tightly structured Flaccianello. Concentrated fruit, firm tannins, and long-term potential.",,,"Younger and tightly structured Flaccianello. Concentrated fruit, firm tannins, and long-term potential.",,N,,Y,Y
102-e-guigal-c-tes-du-rh-ne-341,E. Guigal Côtes du Rhône,E. Guigal Côtes du Rhône,red,red,Syrah Grenache Mourvèdre,Old World,France,Southern Rhône,,"Southern Rhône, France",341,2019,,45,smooth,bold,medium,dry,unknown,steak|pasta|sipping,"Classic Southern Rhône blend with dark fruit and spice. Medium-bodied, smooth, and easy to enjoy.",,,"Classic Southern Rhône blend with dark fruit and spice. Medium-bodied, smooth, and easy to enjoy.",,N,,Y,Y
103-e-guigal-crozes-hermitage-rouge-342,E. Guigal Crozes-Hermitage Rouge,E. Guigal Crozes-Hermitage Rouge,red,red,Syrah,Old World,France,Northern Rhône,Crozes-Hermitage,"Crozes-Hermitage, Northern Rhône, France",342,2019,,80,fruity,bold,medium,dry,unknown,steak|pasta,Structured Syrah with dark fruit and peppery notes. Firm but balanced with a clean finish.,,,Structured Syrah with dark fruit and peppery notes. Firm but balanced with a clean finish.,,N,,Y,Y
104-coudoulet-de-beaucastel-c-tes-du-rh-ne-343,Coudoulet de Beaucastel Côtes du Rhône,Coudoulet de Beaucastel Côtes du Rhône,red,red,Red Rhône Blend,Old World,France,Southern Rhône,,"Southern Rhône, France",343,2021,,78,smooth,medium,medium,dry,unknown,steak|pasta,"Polished Rhône blend with depth and balance. Dark fruit, herbs, and soft tannins.",,,"Polished Rhône blend with depth and balance. Dark fruit, herbs, and soft tannins.",,N,,Y,Y
105-domaine-de-la-solitude-ch-teauneuf-du-pape-347,Domaine de la Solitude Châteauneuf-du-Pape,Domaine de la Solitude Châteauneuf-du-Pape,red,red,Red Rhône Blend,Old World,France,Southern Rhône,Châteauneuf-du-Pape,"Châteauneuf-du-Pape, Southern Rhône, France",347,2020,,99,smooth,bold,medium,dry,unknown,steak|pasta,"Fuller-bodied Rhône red with richness and warmth. Dark fruit, spice, and a long, smooth finish.",,,"Fuller-bodied Rhône red with richness and warmth. Dark fruit, spice, and a long, smooth finish.",,N,,Y,Y
106-ch-teau-du-beaucastel-ch-teauneuf-du-pape-348,Château du Beaucastel Châteauneuf-du-Pape,Château du Beaucastel Châteauneuf-du-Pape,red,red,Red Rhône Blend,Old World,France,Southern Rhône,Châteauneuf-du-Pape,"Châteauneuf-du-Pape, Southern Rhône, France",348,2006,,220,smooth,medium,medium,dry,unknown,pasta,"Mature Châteauneuf-du-Pape with depth and complexity. Dried fruit, earth, and spice with a smooth, developed finish.",,,"Mature Châteauneuf-du-Pape with depth and complexity. Dried fruit, earth, and spice with a smooth, developed finish.",,N,,Y,Y
107-domaine-de-l-arn-sque-ch-teauneuf-du-pape-349,Domaine de L’Arnèsque Châteauneuf-du-Pape,Domaine de L’Arnèsque Châteauneuf-du-Pape,red,red,Red Rhône Blend,Old World,France,Southern Rhône,Châteauneuf-du-Pape,"Châteauneuf-du-Pape, Southern Rhône, France",349,2020,,75,smooth,bold,medium,dry,unknown,steak|pasta,"Full-bodied Rhône red with ripe fruit and warmth. Dark berries, herbs, and soft tannins.",,,"Full-bodied Rhône red with ripe fruit and warmth. Dark berries, herbs, and soft tannins.",,N,,Y,Y
108-domaine-du-terme-gigondas-red-rh-ne-blend-350,Domaine du Terme Gigondas Red Rhône Blend,Domaine du Terme Gigondas Red Rhône Blend,red,red,Red Rhône Blend,Old World,France,Southern Rhône,Gigondas,"Gigondas, Southern Rhône, France",350,2019,,75,fruity,bold,medium,dry,unknown,steak|pasta,Structured and savory Gigondas with dark fruit and spice. Firm but balanced with good depth.,,,Structured and savory Gigondas with dark fruit and spice. Firm but balanced with good depth.,,Y,,Y,Y
109-juan-gil-blue-label-monastrell-cabernet-sauvignon-syrah-351,Juan Gil Blue Label Monastrell Cabernet Sauvignon Syrah,Juan Gil Blue Label Monastrell Cabernet Sauvignon Syrah,red,red,Red Blend,Old World,Spain,Murcia,Jumilla,"Jumilla, Murcia, Spain",351,2019,,90,rich,bold,high,dry,unknown,steak|seafood|salad,"Rich and powerful blend with dark fruit and structure. Ripe berry, spice, and a full-bodied finish.",,,"Rich and powerful blend with dark fruit and structure. Ripe berry, spice, and a full-bodied finish.",,N,,Y,Y
110-aia-vecchia-sor-ugo-cabernet-sauvignon-merlot-355,Aia Vecchia Sor Ugo Cabernet Sauvignon Merlot,Aia Vecchia Sor Ugo Cabernet Sauvignon Merlot,red,red,Red Blend,Old World,Italy,Tuscany,Bolgheri,"Bolgheri, Tuscany, Italy",355,2019,,82,smooth,bold,high,dry,unknown,steak|seafood|salad,"Bolgheri-style blend with balance and polish. Dark fruit, soft tannins, and a smooth finish.",,,"Bolgheri-style blend with balance and polish. Dark fruit, soft tannins, and a smooth finish.",,N,,Y,Y
111-gaja-ca-marcanda-promis-merlot-syrah-sangiovese-357,Gaja Ca’ Marcanda Promis Merlot Syrah Sangiovese,Gaja Ca’ Marcanda Promis Merlot Syrah Sangiovese,red,red,Red Blend,Old World,Italy,Tuscany,Toscana,"Toscana, Tuscany, Italy",357,2020,,125,fruity,bold,medium,dry,unknown,steak|pasta,"Refined Tuscan blend with elegance and depth. Dark fruit, spice, and a clean, structured finish.",,,"Refined Tuscan blend with elegance and depth. Dark fruit, spice, and a clean, structured finish.",,N,,Y,Y
112-caiarossa-toscana-rosso-358,Caiarossa Toscana Rosso,Caiarossa Toscana Rosso,red,red,Red Blend,Old World,Italy,Tuscany,Toscana IGT,"Toscana IGT, Tuscany, Italy",358,2013,,160,fruity,medium,medium,dry,unknown,pasta,"Layered and expressive Tuscan red. Ripe fruit, earth, and well-integrated structure.",,,"Layered and expressive Tuscan red. Ripe fruit, earth, and well-integrated structure.",,N,,Y,Y
113-ch-teau-marchand-montagne-saint-milion-362,Château Marchand Montagne Saint-Émilion,Château Marchand Montagne Saint-Émilion,red,red,Red Bordeaux Blend,Old World,France,Bordeaux,Saint-Émilion,"Saint-Émilion, Bordeaux, France",362,2019,,62,smooth,medium,medium,dry,unknown,steak,"Classic Right Bank Bordeaux with soft tannins. Plum, red fruit, and a smooth, approachable style.",,,"Classic Right Bank Bordeaux with soft tannins. Plum, red fruit, and a smooth, approachable style.",,N,,Y,Y
114-ch-teau-pontet-bellegrave-graves-de-vayres-367,Château Pontet-Bellegrave Graves de Vayres,Château Pontet-Bellegrave Graves de Vayres,red,red,Red Bordeaux Blend,Old World,France,Bordeaux,Entre-Deux-Mers,"Entre-Deux-Mers, Bordeaux, France",367,2018,,85,crisp,light,high,dry,unknown,steak|pasta|salad|sipping,"Medium-bodied Bordeaux with balance and freshness. Red fruit, light earth, and gentle tannins.",,,"Medium-bodied Bordeaux with balance and freshness. Red fruit, light earth, and gentle tannins.",,Y,,Y,Y
115-ch-teau-de-pez-saint-est-phe-369,Château de Pez Saint-Estèphe,Château de Pez Saint-Estèphe,red,red,Red Bordeaux Blend,Old World,France,Bordeaux,Saint-Estèphe,"Saint-Estèphe, Bordeaux, France",369,2018,,132,fruity,bold,medium,dry,unknown,steak,"Structured Left Bank Bordeaux with dark fruit and firm tannins. Classic, serious, and age-worthy.",,,"Structured Left Bank Bordeaux with dark fruit and firm tannins. Classic, serious, and age-worthy.",,N,,Y,Y
116-ch-teau-soussans-margaux-370,Château Soussans Margaux,Château Soussans Margaux,red,red,Red Bordeaux Blend,Old World,France,Bordeaux,Margaux,"Margaux, Bordeaux, France",370,2019,,90,smooth,medium,medium,dry,unknown,steak,"Refined Margaux with elegance and balance. Red fruit, floral notes, and polished tannins.",,,"Refined Margaux with elegance and balance. Red fruit, floral notes, and polished tannins.",,N,,Y,Y
117-d-estournel-m-doc-371,D’Estournel Médoc,D’Estournel Médoc,red,red,Red Bordeaux Blend,Old World,France,Bordeaux,Médoc,"Médoc, Bordeaux, France",371,2019,,115,fruity,bold,medium,dry,unknown,steak|pasta,Well-structured Médoc with dark fruit and savory depth. Firm tannins with a long finish.,,,Well-structured Médoc with dark fruit and savory depth. Firm tannins with a long finish.,,Y,,Y,Y
118-ch-teau-lascombes-margaux-grand-cru-class--375,Château Lascombes Margaux Grand Cru Classé,Château Lascombes Margaux Grand Cru Classé,red,red,Red Bordeaux Blend,Old World,France,Bordeaux,Margaux,"Margaux, Bordeaux, France",375,2010,,325,fruity,medium,medium,dry,unknown,pasta,"Mature Grand Cru Margaux showing complexity and finesse. Dried fruit, earth, and refined structure.",,,"Mature Grand Cru Margaux showing complexity and finesse. Dried fruit, earth, and refined structure.",,N,,Y,Y
119-ch-teau-l-oville-poyferr-saint-julien-378,Château Léoville Poyferré Saint-Julien,Château Léoville Poyferré Saint-Julien,red,red,Red Bordeaux Blend,Old World,France,Bordeaux,Saint-Julien,"Saint-Julien, Bordeaux, France",378,2010,,600,fruity,bold,medium,dry,unknown,steak,"Powerful and layered Saint-Julien. Dense fruit, structure, and depth built for long aging.",,,"Powerful and layered Saint-Julien. Dense fruit, structure, and depth built for long aging.",,N,,Y,Y
120-evening-land-passetoutgrain-pinot-gamay-392,Evening Land Passetoutgrain Pinot Gamay,Evening Land Passetoutgrain Pinot Gamay,red,red,Pinot Noir/Gamay,New World,USA,Oregon,Willamette Valley,"Willamette Valley, Oregon, USA",392,2019,,75,crisp,light,high,dry,unknown,pasta|salad|sipping,"Light and lively red with bright acidity. Fresh red fruit and floral notes, easy-drinking and refreshing.",,,"Light and lively red with bright acidity. Fresh red fruit and floral notes, easy-drinking and refreshing.",,N,,Y,Y
121-roco-the-stalker-pinot-noir-395,Roco The Stalker Pinot Noir,Roco The Stalker Pinot Noir,red,red,Pinot Noir,New World,USA,Oregon,Willamette Valley,"Willamette Valley, Oregon, USA",395,2021,,65,smooth,light,medium,dry,unknown,pasta,"Clean and approachable Pinot Noir. Red cherry, light spice, and a smooth, balanced finish.",,,"Clean and approachable Pinot Noir. Red cherry, light spice, and a smooth, balanced finish.",,N,,Y,Y
122-roco-private-stash-pinot-noir-397,Roco Private Stash Pinot Noir,Roco Private Stash Pinot Noir,red,red,Pinot Noir,New World,USA,Oregon,Willamette Valley,"Willamette Valley, Oregon, USA",397,2016,,225,fruity,bold,medium,dry,unknown,pasta,"More concentrated Pinot Noir with depth and polish. Darker fruit, earth, and a long finish.",,,"More concentrated Pinot Noir with depth and polish. Darker fruit, earth, and a long finish.",,N,,Y,Y
123-ken-wright-pinot-noir-398,Ken Wright Pinot Noir,Ken Wright Pinot Noir,red,red,Pinot Noir,New World,USA,Oregon,Willamette Valley,"Willamette Valley, Oregon, USA",398,2022,,57,crisp,light,high,dry,unknown,pasta|salad|sipping,"Fresh and classic Willamette Valley Pinot Noir. Bright cherry, gentle earth, and lively acidity.",,,"Fresh and classic Willamette Valley Pinot Noir. Bright cherry, gentle earth, and lively acidity.",,N,,Y,Y
124-brick-house-select-pinot-noir-399,Brick House Select Pinot Noir,Brick House Select Pinot Noir,red,red,Pinot Noir,New World,USA,Oregon,Willamette Valley,"Willamette Valley, Oregon, USA",399,2019,,74,fruity,light,medium,dry,unknown,pasta,"Medium-bodied Pinot Noir with balance and clarity. Red fruit, subtle spice, and a clean finish.",,,"Medium-bodied Pinot Noir with balance and clarity. Red fruit, subtle spice, and a clean finish.",,N,,Y,Y
125-archery-summit-arcus-vineyard-pinot-noir-406,Archery Summit Arcus Vineyard Pinot Noir,Archery Summit Arcus Vineyard Pinot Noir,red,red,Pinot Noir,New World,USA,Oregon,Willamette Valley,"Willamette Valley, Oregon, USA",406,2017,,250,crisp,bold,high,dry,unknown,steak|seafood|pasta,"Structured and refined Pinot Noir from a single vineyard. Dark fruit, minerality, and depth.",,,"Structured and refined Pinot Noir from a single vineyard. Dark fruit, minerality, and depth.",,N,,Y,Y
126-colene-clemens-dopp-creek-pinot-noir-407,Colene Clemens Dopp Creek Pinot Noir,Colene Clemens Dopp Creek Pinot Noir,red,red,Pinot Noir,New World,USA,Oregon,Chehalem Mountains,"Chehalem Mountains, Oregon, USA",407,2021,,70,crisp,light,high,dry,unknown,pasta|salad|sipping,"Bright and expressive Pinot Noir. Red berry fruit, fresh acidity, and a smooth finish.",,,"Bright and expressive Pinot Noir. Red berry fruit, fresh acidity, and a smooth finish.",,N,,Y,Y
127-toil-oregon-pinot-noir-408,Toil Oregon Pinot Noir,Toil Oregon Pinot Noir,red,red,Pinot Noir,New World,USA,Oregon,Willamette Valley,"Willamette Valley, Oregon, USA",408,2021,,125,smooth,light,medium,dry,unknown,pasta,Focused and polished Pinot Noir. Ripe red fruit with balanced structure.,,,Focused and polished Pinot Noir. Ripe red fruit with balanced structure.,,N,,Y,Y
128-eyrie-vineyards-the-eyrie-pinot-noir-409,Eyrie Vineyards The Eyrie Pinot Noir,Eyrie Vineyards The Eyrie Pinot Noir,red,red,Pinot Noir,New World,USA,Oregon,Dundee Hills,"Dundee Hills, Oregon, USA",409,2016,,155,smooth,light,medium,dry,unknown,steak|pasta,"Classic Oregon Pinot Noir with elegance and age. Red fruit, earth, and soft tannins.",,,"Classic Oregon Pinot Noir with elegance and age. Red fruit, earth, and soft tannins.",,N,,Y,Y
129-holocene-apocrypha-pinot-noir-410,Holocene Apocrypha Pinot Noir,Holocene Apocrypha Pinot Noir,red,red,Pinot Noir,New World,USA,Oregon,Willamette Valley,"Willamette Valley, Oregon, USA",410,2021,,135,crisp,light,high,dry,unknown,pasta|salad,Textural and expressive Pinot Noir. Bright fruit with earthy undertones and a dry finish.,,,Textural and expressive Pinot Noir. Bright fruit with earthy undertones and a dry finish.,,N,,Y,Y
130-baileyana-firepeak-vineyard-pinot-noir-422,Baileyana Firepeak Vineyard Pinot Noir,Baileyana Firepeak Vineyard Pinot Noir,red,red,Pinot Noir,New World,USA,California,Central Coast,"Central Coast, California, USA",422,2018,,60,smooth,light,medium,dry,some,pasta|sipping,"Approachable Central Coast Pinot Noir. Red fruit, light oak, and an easy, smooth finish.",,,"Approachable Central Coast Pinot Noir. Red fruit, light oak, and an easy, smooth finish.",,N,,Y,Y
131-sandhi-santa-rita-hills-pinot-noir-424,Sandhi Santa Rita Hills Pinot Noir,Sandhi Santa Rita Hills Pinot Noir,red,red,Pinot Noir,New World,USA,California,Santa Rita Hills,"Santa Rita Hills, California, USA",424,2021,,75,crisp,light,high,dry,unknown,pasta|salad,"Cool-climate Pinot Noir with bright acidity. Red cherry, spice, and a clean finish.",,,"Cool-climate Pinot Noir with bright acidity. Red cherry, spice, and a clean finish.",,N,,Y,Y
132-littorai-sonoma-coast-pinot-noir-428,Littorai Sonoma Coast Pinot Noir,Littorai Sonoma Coast Pinot Noir,red,red,Pinot Noir,New World,USA,California,Sonoma Coast,"Sonoma Coast, California, USA",428,2021,,140,crisp,light,high,dry,unknown,seafood|pasta|salad|sipping,"Focused and elegant Pinot Noir. Fresh red fruit, minerality, and refined structure.",,,"Focused and elegant Pinot Noir. Fresh red fruit, minerality, and refined structure.",,N,,Y,Y
133-littorai-les-larmes-pinot-noir-429,Littorai Les Larmes Pinot Noir,Littorai Les Larmes Pinot Noir,red,red,Pinot Noir,New World,USA,California,Anderson Valley,"Anderson Valley, California, USA",429,2020,,190,fruity,bold,medium,dry,unknown,pasta,"Single-vineyard Pinot Noir with depth and tension. Concentrated fruit, earth, and length.",,,"Single-vineyard Pinot Noir with depth and tension. Concentrated fruit, earth, and length.",,N,,Y,Y
134-flowers-sonoma-coast-pinot-noir-430,Flowers Sonoma Coast Pinot Noir,Flowers Sonoma Coast Pinot Noir,red,red,Pinot Noir,New World,USA,California,Sonoma Coast,"Sonoma Coast, California, USA",430,2021,,160,crisp,light,high,dry,some,pasta,"Polished coastal Pinot Noir. Red fruit, subtle oak, and balanced acidity.",,,"Polished coastal Pinot Noir. Red fruit, subtle oak, and balanced acidity.",,N,,Y,Y
135-small-vines-tbh-vineyard-pinot-noir-431,Small Vines TBH Vineyard Pinot Noir,Small Vines TBH Vineyard Pinot Noir,red,red,Pinot Noir,New World,USA,California,Sonoma Coast,"Sonoma Coast, California, USA",431,2019,,200,rich,bold,medium,dry,unknown,pasta,"Old-vine Pinot Noir with richness and detail. Darker fruit, spice, and a long finish.",,,"Old-vine Pinot Noir with richness and detail. Darker fruit, spice, and a long finish.",,N,,Y,Y
136-sea-smoke-southing-pinot-noir-435,Sea Smoke Southing Pinot Noir,Sea Smoke Southing Pinot Noir,red,red,Pinot Noir,New World,USA,California,Santa Rita Hills,"Santa Rita Hills, California, USA",435,2021,,225,rich,bold,medium,dry,unknown,steak|pasta,"Powerful and expressive Pinot Noir. Dark fruit, spice, and a full, structured finish.",,,"Powerful and expressive Pinot Noir. Dark fruit, spice, and a full, structured finish.",,N,,Y,Y
137-kosta-browne-santa-rita-hills-pinot-noir-437,Kosta Browne Santa Rita Hills Pinot Noir,Kosta Browne Santa Rita Hills Pinot Noir,red,red,Pinot Noir,New World,USA,California,Santa Rita Hills,"Santa Rita Hills, California, USA",437,2021,,250,smooth,light,medium,dry,unknown,steak|pasta,"Ripe and polished Pinot Noir with intensity. Dark cherry, spice, and smooth tannins.",,,"Ripe and polished Pinot Noir with intensity. Dark cherry, spice, and smooth tannins.",,N,,Y,Y
138-kosta-browne-russian-river-valley-pinot-noir-438,Kosta Browne Russian River Valley Pinot Noir,Kosta Browne Russian River Valley Pinot Noir,red,red,Pinot Noir,New World,USA,California,Russian River Valley,"Russian River Valley, California, USA",438,2021,,250,rich,bold,medium,dry,some,pasta,"Rich and expressive Pinot Noir. Ripe red fruit, subtle oak, and a long finish.",,,"Rich and expressive Pinot Noir. Ripe red fruit, subtle oak, and a long finish.",,N,,Y,Y
139-drew-fait-de-mer-farm-pinot-noir-440,Drew Fait De Mer Farm Pinot Noir,Drew Fait De Mer Farm Pinot Noir,red,red,Pinot Noir,New World,USA,California,Mendocino Ridge,"Mendocino Ridge, California, USA",440,2019,,160,crisp,light,high,dry,unknown,pasta|salad|sipping,"Cool-climate Pinot Noir with freshness and lift. Bright fruit, earth, and clean acidity.",,,"Cool-climate Pinot Noir with freshness and lift. Bright fruit, earth, and clean acidity.",,N,,Y,Y
140-drew-wendling-vineyard-pinot-noir-441,Drew Wendling Vineyard Pinot Noir,Drew Wendling Vineyard Pinot Noir,red,red,Pinot Noir,New World,USA,California,Anderson Valley,"Anderson Valley, California, USA",441,2019,,205,fruity,bold,medium,dry,unknown,steak|pasta,"Single-vineyard Pinot Noir with depth and focus. Red fruit, earth, and a long, structured finish.",,,"Single-vineyard Pinot Noir with depth and focus. Red fruit, earth, and a long, structured finish.",,N,,Y,Y
141-drew-morning-dew-ranch-pinot-noir-442,Drew Morning Dew Ranch Pinot Noir,Drew Morning Dew Ranch Pinot Noir,red,red,Pinot Noir,New World,USA,California,Anderson Valley,"Anderson Valley, California, USA",442,2018,,205,crisp,light,high,dry,unknown,pasta|salad|sipping,"Expressive Anderson Valley Pinot Noir. Bright red fruit, forest notes, and fresh acidity.",,,"Expressive Anderson Valley Pinot Noir. Bright red fruit, forest notes, and fresh acidity.",,N,,Y,Y
142-dunham-cellars-syrah-446,Dunham Cellars Syrah,Dunham Cellars Syrah,red,red,Syrah,New World,USA,Washington,Columbia Valley,"Columbia Valley, Washington, USA",446,2020,,83,smooth,bold,medium,dry,unknown,steak,Medium to full-bodied Syrah with dark fruit and spice. Smooth texture with a balanced finish.,,,Medium to full-bodied Syrah with dark fruit and spice. Smooth texture with a balanced finish.,,N,,Y,Y
143-hartford-court-outer-limits-syrah-449,Hartford Court Outer Limits Syrah,Hartford Court Outer Limits Syrah,red,red,Syrah,New World,USA,California,Sonoma Coast,"Sonoma Coast, California, USA",449,2018,,120,dry,bold,medium,dry,unknown,steak|pasta,"Powerful coastal Syrah with intensity. Dark berries, pepper, and savory depth.",,,"Powerful coastal Syrah with intensity. Dark berries, pepper, and savory depth.",,N,,Y,Y
144-drew-valenti-ranch-red-blend-450,Drew Valenti Ranch Red Blend,Drew Valenti Ranch Red Blend,red,red,Red Blend,New World,USA,California,Mendocino Ridge,"Mendocino Ridge, California, USA",450,2019,,174,fruity,bold,medium,dry,unknown,steak|pasta,"Structured and expressive red blend. Dark fruit, earth, and firm tannins.",,,"Structured and expressive red blend. Dark fruit, earth, and firm tannins.",,N,,Y,Y
145-two-hands-gnarly-dudes-shiraz-451,Two Hands Gnarly Dudes Shiraz,Two Hands Gnarly Dudes Shiraz,red,red,Shiraz,New World,Australia,Barossa Valley,,"Barossa Valley, Australia",451,2018,,65,rich,bold,medium,dry,unknown,steak|sipping,Classic Barossa Shiraz with ripe fruit and spice. Full-bodied and easy to enjoy.,,,Classic Barossa Shiraz with ripe fruit and spice. Full-bodied and easy to enjoy.,,N,,Y,Y
146-torbreck-descendant-red-blend-453,Torbreck Descendant Red Blend,Torbreck Descendant Red Blend,red,red,Red Blend,New World,Australia,Barossa Valley,,"Barossa Valley, Australia",453,2018,,215,rich,bold,medium,dry,unknown,steak,"Rich and powerful Barossa blend. Dense fruit, spice, and long structure.",,,"Rich and powerful Barossa blend. Dense fruit, spice, and long structure.",,N,,Y,Y
147-herman-story-nuts-and-bolts-syrah-454,Herman Story Nuts and Bolts Syrah,Herman Story Nuts and Bolts Syrah,red,red,Syrah,New World,USA,California,,"California, USA",454,2016,,115,rich,bold,medium,dry,unknown,steak|pasta,"Bold, full-bodied California Syrah with blackberry, plum, pepper, and savory spice. Rich and generous on the finish, built for steak, grilled meats, or hearty pasta.",,,"Bold, full-bodied California Syrah with blackberry, plum, pepper, and savory spice. Rich and generous on the finish, built for steak, grilled meats, or hearty pasta.",,N,,Y,Y
148-keermont-steepside-syrah-455,Keermont Steepside Syrah,Keermont Steepside Syrah,red,red,Syrah,New World,South Africa,Stellenbosch,,"Stellenbosch, South Africa",455,2017,,96,crisp,bold,high,dry,unknown,steak|seafood|salad|sipping,"Structured Syrah with freshness and grip. Dark fruit, spice, and mineral notes.",,,"Structured Syrah with freshness and grip. Dark fruit, spice, and mineral notes.",,N,,Y,Y
149-the-walls-stanley-groovy-red-blend-456,The Walls Stanley Groovy Red Blend,The Walls Stanley Groovy Red Blend,red,red,Red Blend,New World,USA,Washington,Red Mountain,"Red Mountain, Washington, USA",456,2020,,85,smooth,medium,medium,dry,unknown,steak,"Ripe and balanced red blend. Dark fruit, smooth tannins, and a polished finish.",,,"Ripe and balanced red blend. Dark fruit, smooth tannins, and a polished finish.",,N,,Y,Y
150-leonetti-cellar-merlot-463,Leonetti Cellar Merlot,Leonetti Cellar Merlot,red,red,Merlot,New World,USA,Washington,Walla Walla Valley,"Walla Walla Valley, Washington, USA",463,2020,,183,fruity,bold,medium,dry,unknown,steak|pasta,"Structured and elegant Merlot with depth. Dark fruit, earth, and a long finish.",,,"Structured and elegant Merlot with depth. Dark fruit, earth, and a long finish.",,N,,Y,Y
151-whitehall-lane-merlot-465,Whitehall Lane Merlot,Whitehall Lane Merlot,red,red,Merlot,New World,USA,California,Napa Valley,"Napa Valley, California, USA",465,2018,,69,smooth,medium,medium,dry,unknown,steak,"Approachable Napa Merlot. Ripe fruit, soft tannins, and a smooth finish.",,,"Approachable Napa Merlot. Ripe fruit, soft tannins, and a smooth finish.",,N,,Y,Y
152-freemark-abbey-merlot-467,Freemark Abbey Merlot,Freemark Abbey Merlot,red,red,Merlot,New World,USA,California,Napa Valley,"Napa Valley, California, USA",467,2019,,95,fruity,medium,medium,dry,some,steak,Classic Napa Merlot with balance and polish. Dark fruit and gentle oak.,,,Classic Napa Merlot with balance and polish. Dark fruit and gentle oak.,,N,,Y,Y
153-barnett-vineyard-merlot-469,Barnett Vineyard Merlot,Barnett Vineyard Merlot,red,red,Merlot,New World,USA,California,Napa Valley,"Napa Valley, California, USA",469,2021,,150,fruity,bold,medium,dry,unknown,steak,Mountain-grown Merlot with structure. Concentrated fruit and firm tannins.,,,Mountain-grown Merlot with structure. Concentrated fruit and firm tannins.,,N,,Y,Y
154-plumpjack-merlot-472,PlumpJack Merlot,PlumpJack Merlot,red,red,Merlot,New World,USA,California,Napa Valley,"Napa Valley, California, USA",472,2018,,145,smooth,bold,medium,dry,unknown,steak,"Rich and polished Merlot. Dark fruit, spice, and a full, smooth finish.",,,"Rich and polished Merlot. Dark fruit, spice, and a full, smooth finish.",,N,,Y,Y
155-upchurch-cabernet-sauvignon-480,Upchurch Cabernet Sauvignon,Upchurch Cabernet Sauvignon,red,red,Cabernet Sauvignon,New World,USA,Washington,Red Mountain,"Red Mountain, Washington, USA",480,2018,,145,crisp,bold,high,dry,unknown,steak|seafood|salad|sipping,Structured Cabernet with dark fruit and grip. Firm tannins balanced by freshness.,,,Structured Cabernet with dark fruit and grip. Firm tannins balanced by freshness.,,N,,Y,Y
156-steele-red-hills-cabernet-sauvignon-482,Steele Red Hills Cabernet Sauvignon,Steele Red Hills Cabernet Sauvignon,red,red,Cabernet Sauvignon,New World,USA,California,Red Hills Lake County,"Red Hills Lake County, California, USA",482,2017,,56,smooth,bold,high,dry,unknown,steak|seafood|salad|sipping,Medium-bodied Cabernet with ripe fruit and soft tannins. Easy-drinking and balanced.,,,Medium-bodied Cabernet with ripe fruit and soft tannins. Easy-drinking and balanced.,,N,,Y,Y
157-stags-leap-cabernet-sauvignon-484,Stags Leap Cabernet Sauvignon,Stags Leap Cabernet Sauvignon,red,red,Cabernet Sauvignon,New World,USA,California,Napa Valley,"Napa Valley, California, USA",484,2020,,135,smooth,bold,high,dry,some,steak|seafood|salad,"Classic Napa Cabernet with polish. Dark fruit, oak, and a smooth finish.",,,"Classic Napa Cabernet with polish. Dark fruit, oak, and a smooth finish.",,N,,Y,Y
158-martin-ray-santa-cruz-cabernet-sauvignon-487,Martin Ray Santa Cruz Cabernet Sauvignon,Martin Ray Santa Cruz Cabernet Sauvignon,red,red,Cabernet Sauvignon,New World,USA,California,Santa Cruz Mountains,"Santa Cruz Mountains, California, USA",487,2021,,90,crisp,bold,high,dry,unknown,steak|seafood|salad|sipping,Cool-climate Cabernet with freshness. Red and dark fruit with lively acidity.,,,Cool-climate Cabernet with freshness. Red and dark fruit with lively acidity.,,N,,Y,Y
159-martin-ray-stags-leap-cabernet-sauvignon-488,Martin Ray Stags Leap Cabernet Sauvignon,Martin Ray Stags Leap Cabernet Sauvignon,red,red,Cabernet Sauvignon,New World,USA,California,Stags Leap District,"Stags Leap District, California, USA",488,2021,,180,fruity,bold,high,dry,unknown,steak|seafood|salad,Structured Napa Cabernet with depth. Concentrated fruit and firm tannins.,,,Structured Napa Cabernet with depth. Concentrated fruit and firm tannins.,,N,,Y,Y
160-martin-ray-diamond-mountain-cabernet-sauvignon-489,Martin Ray Diamond Mountain Cabernet Sauvignon,Martin Ray Diamond Mountain Cabernet Sauvignon,red,red,Cabernet Sauvignon,New World,USA,California,Diamond Mountain,"Diamond Mountain, California, USA",489,2021,,180,fruity,bold,high,dry,unknown,steak|seafood|salad,"Mountain Cabernet with power and structure. Dark fruit, intensity, and grip.",,,"Mountain Cabernet with power and structure. Dark fruit, intensity, and grip.",,N,,Y,Y
161-pine-ridge-napa-valley-cabernet-sauvignon-490,Pine Ridge Napa Valley Cabernet Sauvignon,Pine Ridge Napa Valley Cabernet Sauvignon,red,red,Cabernet Sauvignon,New World,USA,California,Napa Valley,"Napa Valley, California, USA",490,2021,,95,smooth,bold,high,dry,unknown,steak|seafood|salad,"Approachable Napa Cabernet. Ripe fruit, smooth tannins, and balance.",,,"Approachable Napa Cabernet. Ripe fruit, smooth tannins, and balance.",,N,,Y,Y
162-trujillo-napa-valley-cabernet-sauvignon-492,Trujillo Napa Valley Cabernet Sauvignon,Trujillo Napa Valley Cabernet Sauvignon,red,red,Cabernet Sauvignon,New World,USA,California,Napa Valley,"Napa Valley, California, USA",492,2018,,190,fruity,bold,high,dry,some,steak|seafood|salad,"Classic Napa Cabernet with depth and polish. Dark fruit, oak, and a long finish.",,,"Classic Napa Cabernet with depth and polish. Dark fruit, oak, and a long finish.",,N,,Y,Y
163-caymus-vineyards-cabernet-sauvignon-493,Caymus Vineyards Cabernet Sauvignon,Caymus Vineyards Cabernet Sauvignon,red,red,Cabernet Sauvignon,New World,USA,California,Napa Valley,"Napa Valley, California, USA",493,2020,,165,smooth,bold,high,dry,unknown,steak|seafood|salad,"Rich and approachable Napa Cabernet. Ripe dark fruit, smooth tannins, and a plush finish.",,,"Rich and approachable Napa Cabernet. Ripe dark fruit, smooth tannins, and a plush finish.",,N,,Y,Y
164-inglenook-rutherford-cabernet-sauvignon-494,Inglenook Rutherford Cabernet Sauvignon,Inglenook Rutherford Cabernet Sauvignon,red,red,Cabernet Sauvignon,New World,USA,California,Rutherford,"Rutherford, California, USA",494,2016,,190,fruity,bold,high,dry,unknown,steak|seafood|pasta|salad,"Classic Rutherford Cabernet with structure and restraint. Dark fruit, earth, and firm tannins.",,,"Classic Rutherford Cabernet with structure and restraint. Dark fruit, earth, and firm tannins.",,N,,Y,Y
165-plumpjack-estate-cabernet-sauvignon-495,PlumpJack Estate Cabernet Sauvignon,PlumpJack Estate Cabernet Sauvignon,red,red,Cabernet Sauvignon,New World,USA,California,Oakville,"Oakville, California, USA",495,2018,,285,smooth,bold,high,dry,some,steak|seafood|salad,"Full-bodied and polished Cabernet. Concentrated fruit, oak, and a long finish.",,,"Full-bodied and polished Cabernet. Concentrated fruit, oak, and a long finish.",,N,,Y,Y
166-lail-vineyards-blueprint-cabernet-sauvignon-496,Lail Vineyards Blueprint Cabernet Sauvignon,Lail Vineyards Blueprint Cabernet Sauvignon,red,red,Cabernet Sauvignon,New World,USA,California,Napa Valley,"Napa Valley, California, USA",496,2021,,215,smooth,bold,high,dry,unknown,steak|seafood|salad,"Refined Napa Cabernet with balance and depth. Dark fruit, structure, and a smooth finish.",,,"Refined Napa Cabernet with balance and depth. Dark fruit, structure, and a smooth finish.",,N,,Y,Y
167-heitz-cellar-cabernet-sauvignon-497,Heitz Cellar Cabernet Sauvignon,Heitz Cellar Cabernet Sauvignon,red,red,Cabernet Sauvignon,New World,USA,California,Napa Valley,"Napa Valley, California, USA",497,2017,,150,crisp,bold,high,dry,some,steak|seafood|salad|sipping,"Classic Napa Cabernet with elegance. Red and dark fruit, restrained oak, and fresh acidity.",,,"Classic Napa Cabernet with elegance. Red and dark fruit, restrained oak, and fresh acidity.",,N,,Y,Y
168-dry-creek-the-mariner-513,Dry Creek The Mariner,Dry Creek The Mariner,red,red,Red Blend,New World,USA,California,Dry Creek Valley,"Dry Creek Valley, California, USA",513,2019,,90,smooth,medium,medium,dry,unknown,steak,"Bordeaux-style blend with balance and polish. Dark fruit, soft tannins, and a smooth finish.",,,"Bordeaux-style blend with balance and polish. Dark fruit, soft tannins, and a smooth finish.",,N,,Y,Y
169-chappellet-mountain-cuv-e-514,Chappellet Mountain Cuvée,Chappellet Mountain Cuvée,red,red,Red Blend,New World,USA,California,,"California, USA",514,2022,,122,fruity,bold,medium,dry,unknown,steak,"Structured mountain blend with depth. Dark fruit, spice, and firm tannins.",,,"Structured mountain blend with depth. Dark fruit, spice, and firm tannins.",,N,,Y,Y
170-jonata-todos-515,Jonata Todos,Jonata Todos,red,red,Red Blend,New World,USA,California,Ballard Canyon,"Ballard Canyon, California, USA",515,2018/19,,125,fruity,medium,medium,dry,unknown,pasta,"Layered red blend with ripe plum, dark cherry, and savory earth. Medium-bodied with a polished finish, useful when a guest wants richness without going full Cabernet.",,,"Layered red blend with ripe plum, dark cherry, and savory earth. Medium-bodied with a polished finish, useful when a guest wants richness without going full Cabernet.",,N,,Y,Y
171-justin-isosceles-516,Justin Isosceles,Justin Isosceles,red,red,Red Blend,New World,USA,California,Paso Robles,"Paso Robles, California, USA",516,2020,,150,smooth,bold,medium,dry,some,steak,"Full-bodied Paso Robles blend with richness. Dark fruit, oak, and smooth tannins.",,,"Full-bodied Paso Robles blend with richness. Dark fruit, oak, and smooth tannins.",,N,,Y,Y
172-soos-creek-ciel-du-cheval-vineyard-red-blend-521,Soos Creek Ciel du Cheval Vineyard Red Blend,Soos Creek Ciel du Cheval Vineyard Red Blend,red,red,Red Blend,New World,USA,Washington,Red Mountain,"Red Mountain, Washington, USA",521,2019,,77,fruity,bold,medium,dry,unknown,steak|pasta,"Structured vineyard blend with depth. Dark fruit, earth, and firm tannins.",,,"Structured vineyard blend with depth. Dark fruit, earth, and firm tannins.",,N,,Y,Y
173-pepper-bridge-trine-525,Pepper Bridge Trine,Pepper Bridge Trine,red,red,Red Blend,New World,USA,Washington,Walla Walla Valley,"Walla Walla Valley, Washington, USA",525,2017,,145,smooth,medium,medium,dry,unknown,steak,"Polished Walla Walla blend. Dark fruit, spice, and balanced structure.",,,"Polished Walla Walla blend. Dark fruit, spice, and balanced structure.",,N,,Y,Y
174-opus-one-overture-499,Opus One Overture,Opus One Overture,red,red,Red Blend,New World,USA,California,Oakville,"Oakville, California, USA",499,,,220,smooth,medium,medium,dry,some,steak,"Refined Bordeaux-style blend. Dark fruit, smooth tannins, and a long finish.",,,"Refined Bordeaux-style blend. Dark fruit, smooth tannins, and a long finish.",,N,,Y,Y
175-opus-one-500,Opus One,Opus One,red,red,Red Blend,New World,USA,California,Oakville,"Oakville, California, USA",500,2019,,585,fruity,bold,medium,dry,some,steak,"Iconic Napa Valley blend with depth and elegance. Concentrated fruit, structure, and length.",,,"Iconic Napa Valley blend with depth and elegance. Concentrated fruit, structure, and length.",,N,,Y,Y
176-edmeades-mendocino-county-zinfandel-534,Edmeades Mendocino County Zinfandel,Edmeades Mendocino County Zinfandel,red,red,Zinfandel,New World,USA,California,Mendocino County,"Mendocino County, California, USA",534,2021,,44,fruity,bold,medium,dry,unknown,steak|salad|sipping,"Fruit-forward Zinfandel with bright berry, light spice, and a smooth, easy finish. Bold enough for grilled meats, but still approachable by the glass.",,,"Fruit-forward Zinfandel with bright berry, light spice, and a smooth, easy finish. Bold enough for grilled meats, but still approachable by the glass.",,N,,Y,Y
177-turley-old-vines-zinfandel-535,Turley Old Vines Zinfandel,Turley Old Vines Zinfandel,red,red,Zinfandel,New World,USA,California,,"California, USA",535,2016,,68,rich,bold,medium,dry,unknown,steak,"Old-vine Zinfandel with richness and depth. Dark fruit, spice, and structure.",,,"Old-vine Zinfandel with richness and depth. Dark fruit, spice, and structure.",,N,,Y,Y
178-seghesio-cortina-zinfandel-536,Seghesio Cortina Zinfandel,Seghesio Cortina Zinfandel,red,red,Zinfandel,New World,USA,California,Dry Creek Valley,"Dry Creek Valley, California, USA",536,2018,,75,crisp,bold,high,dry,unknown,steak,"Classic Dry Creek Zinfandel. Ripe berry fruit, spice, and balanced acidity.",,,"Classic Dry Creek Zinfandel. Ripe berry fruit, spice, and balanced acidity.",,N,,Y,Y
179-oakville-zinfandel-537,Oakville Zinfandel,Oakville Zinfandel,red,red,Zinfandel,New World,USA,California,Napa Valley,"Napa Valley, California, USA",537,2021,,70,smooth,bold,medium,dry,some,steak,Medium-bodied Zinfandel with ripe fruit. Smooth tannins and a clean finish.,,,Medium-bodied Zinfandel with ripe fruit. Smooth tannins and a clean finish.,,N,,Y,Y
180-frank-family-zinfandel-538,Frank Family Zinfandel,Frank Family Zinfandel,red,red,Zinfandel,New World,USA,California,Napa Valley,"Napa Valley, California, USA",538,2018,,95,smooth,bold,medium,dry,unknown,steak,"Polished Napa Zinfandel. Dark fruit, spice, and a round finish.",,,"Polished Napa Zinfandel. Dark fruit, spice, and a round finish.",,N,,Y,Y
181-grgich-hills-zinfandel-539,Grgich Hills Zinfandel,Grgich Hills Zinfandel,red,red,Zinfandel,New World,USA,California,Napa Valley,"Napa Valley, California, USA",539,2017,,97,fruity,bold,medium,dry,unknown,steak,"Structured Zinfandel with balance and depth. Ripe fruit, spice, and firm tannins.",,,"Structured Zinfandel with balance and depth. Ripe fruit, spice, and firm tannins.",,N,,Y,Y
