name,type,varietal,world,country,region_1,region_2,bin,vintage,glass_price,bottle_price,collection,staff_pick,stock,show,description
Stift Klosterneuburg Grüner Veltliner Brut,sparkling,Grüner Veltliner,Old World,Austria,Niederösterreich,,100,,,45,high roller,N,,Y,"Dry and refreshing sparkling Grüner Veltliner with crisp acidity. Notes of green apple, citrus, and a subtle peppery edge. Clean and lively, easy to drink, and great to start a meal."
Le Brun de Neuville Extra Blanc Blanc de Blancs Chardonnay,sparkling,Champagne Blend,Old World,France,Champagne,,104,,,162,Valentine's Day,N,,Y,"Classic Blanc de Blancs Champagne made entirely from Chardonnay. Bright citrus, green apple, and light brioche with fine bubbles and a focused, elegant finish."
Veuve Clicquot Yellow Label Brut,sparkling,Champagne Blend,Old World,France,Champagne,,106,,,145,Featured,N,,Y,"Well-balanced and familiar Champagne with notes of apple, pear, and toasted bread. Rich but still fresh, with a creamy texture and steady bubbles."
André Clouet Grande Réserve Brut NV,sparkling,Champagne Blend,Old World,France,Champagne,,107,NV,,90,Featured,N,,Y,"Fuller-bodied non-vintage Champagne with ripe fruit and a touch of richness. Apple, pear, and brioche flavors with a smooth, rounded finish."
Taittinger Brut La Française,sparkling,Champagne Blend,Old World,France,Champagne,,109,,,170,,N,,Y,"Light, elegant Champagne with fine bubbles and bright acidity. Citrus, white flowers, and a hint of toast make this clean and refined without feeling heavy."
Perrier-Jouët Grand Brut,sparkling,Champagne Blend,Old World,France,Champagne,,110,,,120,,N,,Y,"Fresh and floral in style with soft fruit and gentle toast. Pear, citrus, and a smooth finish make this approachable and easy to enjoy."
Moët & Chandon Impérial Brut,sparkling,Champagne Blend,Old World,France,Champagne,,111,,,110,,N,,Y,"Classic house Champagne that’s balanced and consistent. Apple, citrus, and light bread notes with a creamy mouthfeel and lively bubbles."
Dom Pérignon Brut,sparkling,Champagne Blend,Old World,France,Champagne,,112,2012,,400,,N,,Y,"Structured and layered vintage Champagne with depth and length. Citrus, stone fruit, and toasted notes come together in a refined, powerful style meant to be savored."
André Clouet Brut Rosé,sparkling,Rosé Champagne,Old World,France,Champagne,,115,,,150,,N,,Y,"Expressive rosé Champagne with fresh red berry flavors. Strawberry and raspberry notes balanced by bright acidity and a smooth, dry finish."
Marenco Pineto Brachetto d’Acqui,sparkling,Brachetto,Old World,Italy,Piedmont,Brachetto d’Acqui,118,2020,,36,,N,,Y,"Lightly sparkling and gently sweet with lots of fresh strawberry and floral notes. Low alcohol and very drinkable, often enjoyed as a dessert or celebratory sip."
Jansz Premium Rosé Brut,sparkling,Rosé Sparkling,New World,Australia,Tasmania,,119,,,45,,N,,Y,"Crisp Tasmanian sparkling rosé with red berry and citrus notes. Dry, refreshing, and clean, with fine bubbles and bright acidity."
Txomin Etxaniz Getari Hondarrabi Zuri,white,Hondarrabi Zuri,Old World,Spain,Getaria,Txakolina DO,125,2021,,51,,N,,Y,"Fresh and lightly saline white from the Basque coast. Bright citrus, green apple, and a subtle spritz give this wine a crisp, refreshing feel that pairs well with seafood."
Domaine Roblin Enclos de Maimbray Sancerre,white,Sauvignon Blanc,Old World,France,Upper Loire,Sancerre,130,2023,,85,,N,,Y,"Clean and focused Sancerre with classic Sauvignon Blanc character. Notes of citrus, fresh herbs, and flinty minerality with a dry, precise finish."
Jean Claude Dagueneau Domaine des Berthiers Pouilly Fumé,white,Sauvignon Blanc,Old World,France,Loire Valley,Pouilly-Fumé,133,2019,,100,,N,,Y,"Structured and mineral-driven Sauvignon Blanc. Smoke, citrus peel, and stone fruit come together with a firm, dry finish."
Château La Louvière Grand Vin de Graves Blanc,white,White Bordeaux Blend,Old World,France,Bordeaux,Pessac-Léognan,135,2018,,130,,N,,Y,"Classic white Bordeaux with balance and depth. Citrus, stone fruit, and subtle oak influence give this wine richness without heaviness."
Jean-Charles Les Champs L’Huillier Chardonnay,white,Chardonnay,Old World,France,Bourgogne,Côte d’Or,136,2020,,75,,N,,Y,"Traditional Burgundy Chardonnay with clean fruit and restrained oak. Apple, citrus, and a soft texture lead into a smooth, dry finish."
Marcel Servin Chablis Chardonnay,white,Chardonnay,Old World,France,Burgundy,Chablis,137,2022,,80,,N,,Y,"Crisp and mineral-driven Chablis. Green apple, lemon, and chalky notes with bright acidity and a clean finish."
Guy Robin Chablis Premier Cru Montmains Chardonnay,white,Chardonnay,Old World,France,Burgundy,Chablis,138,2019,,113,,N,,Y,"More layered and expressive Chablis from a Premier Cru site. Citrus, stone fruit, and mineral notes with added depth and length."
Samuel Billaud Chablis Chardonnay,white,Chardonnay,Old World,France,Burgundy,Chablis,139,2020,,94,,N,,Y,"Refined Chablis with precision and balance. Bright acidity, citrus, and subtle texture make this elegant and food-friendly."
Cinco Islas Albariño,white,Albariño,Old World,Spain,Rías Baixas,,140,2022,,54,,N,,Y,"Fresh and aromatic Albariño with lively acidity. Notes of citrus, peach, and a hint of salinity give this wine a crisp coastal character."
Romanelli Le Tese Trebbiano Spoletino,white,Trebbiano Spoletino,Old World,Italy,Umbria,IGT,141,,,70,,N,,Y,"Medium-bodied Italian white with texture and subtle fruit. Stone fruit, citrus, and herbal notes with a dry, balanced finish."
Domaine des Sables Verts Saumur Blanc Chenin Blanc,white,Chenin Blanc,Old World,France,Loire Valley,Saumur,146,2020,,54,,N,,Y,"Clean and focused Chenin Blanc with bright acidity. Apple, pear, and light mineral notes with a dry, refreshing finish."
Pieropan Calvarino Garganega,white,Garganega,Old World,Italy,Veneto,Soave Classico,151,2018,,73,,N,,Y,"Classic Soave with depth and elegance. Almond, citrus, and stone fruit flavors with a long, mineral-driven finish."
Marenco Scrapona Moscato d’Asti,white,Moscato,Old World,Italy,Piedmont,Asti,154,2020,,51,,N,,Y,"Lightly sparkling and gently sweet Moscato. Fresh peach, orange blossom, and grape notes with low alcohol and a soft finish."
Meyer Fonné Pfœller Riesling,white,Riesling,Old World,France,Alsace,,156,2017,,115,,N,,Y,"Dry Alsace Riesling with structure and clarity. Citrus, stone fruit, and mineral notes with a firm, focused finish."
Rolly Gassmann Pflanzerreben de Rorschwihr Riesling,white,Riesling,Old World,France,Alsace,,158,2008,,140,,N,,Y,"Mature Riesling with depth and complexity. Layers of citrus, honeyed notes, and minerality supported by balanced acidity."
Marry Edwards Sauvignon Blanc,white,Sauvignon Blanc,New World,USA,California,Sonoma Russian River,203,2022,,115,,N,,Y,"Rich and expressive Sauvignon Blanc with bright acidity. Citrus, tropical fruit, and subtle herbal notes with a polished finish."
DeLille Chaleur Blanc Sauvignon Blanc & Semillon,white,White Blend,New World,USA,Washington,Columbia Valley,204,2020,,75,,N,,Y,"Bordeaux-inspired white blend with texture and balance. Citrus, stone fruit, and light oak influence give this wine depth and structure."
Upchurch Southwest Facing Sauvignon Blanc,white,Sauvignon Blanc,New World,USA,Washington,Yakima Valley,205,2018,,110,,N,,Y,"Focused and structured Sauvignon Blanc. Bright citrus and stone fruit flavors with a clean, dry finish."
Gramercy Cellars Picpoul,white,Picpoul,New World,USA,Washington,Walla Walla,206,2022,,47,,N,,Y,"Crisp and refreshing with bright acidity. Lemon, green apple, and mineral notes make this a lively, easy-drinking white."
Archery Summit Vireton Pinot Gris,white,Pinot Gris,New World,USA,Oregon,Willamette Valley,208,2022,,40,,N,,Y,"Light and clean Pinot Gris with subtle fruit. Pear, citrus, and a soft texture with a fresh, dry finish."
L’Ecole No. 41 Old Vines Chenin Blanc,white,Chenin Blanc,New World,USA,Washington,Columbia Valley,209,2022,,44,,N,,Y,"Old-vine Chenin Blanc with bright acidity and clean fruit. Apple, pear, and citrus notes with a crisp, refreshing finish."
Lismore Estate Reserve Viognier,white,Viognier,Old World,South Africa,Overberg,,212,2018,,84,,N,,Y,Textured and aromatic Viognier with stone fruit and floral notes. Rich on the palate but balanced by fresh acidity.
Tablas Creek Patelin de Tablas Blanc,white,White Rhône Blend,New World,USA,California,Paso Robles,213,2021,,54,,N,,Y,"French-inspired Rhône white blend with balance and freshness. Citrus, stone fruit, and light herbal notes with a dry, clean finish."
Dusted Valley Olsen Vineyard Chardonnay,white,Chardonnay,New World,USA,Washington,Columbia Valley,220,2018,,63,,N,,Y,"Medium-bodied Chardonnay with ripe apple and citrus flavors. Light oak influence and a smooth, balanced finish."
Evening Land Seven Springs Chardonnay,white,Chardonnay,New World,USA,Oregon,Willamette Valley,223,2022,,83,,N,,Y,"Elegant Oregon Chardonnay with bright acidity. Citrus, pear, and subtle mineral notes with a clean, focused finish."
Evening Land Summum Chardonnay,white,Chardonnay,New World,USA,Oregon,Willamette Valley,224,2017,,185,,N,,Y,"Rich and layered Chardonnay with depth and structure. Stone fruit, citrus, and well-integrated oak with a long finish."
Evening Land La Source Chardonnay,white,Chardonnay,New World,USA,Oregon,Willamette Valley,225,2016,,175,,N,,Y,"Complex and expressive Chardonnay with weight and intensity. Ripe fruit, minerality, and subtle oak create a long, polished finish."
Sandhi Rinconada Chardonnay,white,Chardonnay,New World,USA,California,Santa Rita Hills,227,2020,,135,,N,,Y,"Focused and mineral-driven Chardonnay. Citrus, apple, and light oak notes with bright acidity and tension."
La Jota W.S. Keyes Vineyard Chardonnay,white,Chardonnay,New World,USA,California,Howell Mountain,228,2019,,225,,N,,Y,"Structured and powerful Chardonnay with depth. Stone fruit, citrus, and oak spice balanced by mountain-grown acidity."
Suzor The Sunflower Chardonnay,white,Chardonnay,New World,USA,Oregon,Willamette Valley,229,2020,,75,,N,,Y,Fresh and approachable Chardonnay with light fruit and subtle texture. Clean and easy-drinking.
Grgich Hills Chardonnay,white,Chardonnay,New World,USA,California,Napa Valley,232,2018,,95,,N,,Y,"Classic Napa Chardonnay with balance and restraint. Apple, citrus, and gentle oak with a smooth finish."
Failla Sonoma Coast Chardonnay,white,Chardonnay,New World,USA,California,Sonoma Coast,233,2019,,76,,N,,Y,"Cool-climate Chardonnay with bright acidity. Citrus, pear, and light mineral notes keep this fresh and focused."
Kistler Les Noisetiers Chardonnay,white,Chardonnay,New World,USA,California,Sonoma Coast,234,2021,,145,,N,,Y,"Rich yet balanced Chardonnay with polished texture. Ripe fruit, baking spice, and integrated oak."
Pahlmeyer Jayson Chardonnay,white,Chardonnay,New World,USA,California,Napa Valley,235,2019,,135,,N,,Y,"Fuller-bodied Chardonnay with ripe fruit and smooth oak. Stone fruit, citrus, and a round, lingering finish."
LTL Grenache Rosé,rose,Grenache,New World,USA,Washington,Yakima Valley,238,2019,,50,,N,,Y,"Dry rosé with fresh red fruit and crisp acidity. Strawberry, citrus, and a clean finish make this refreshing and versatile."
Tiberio Cerasuolo d’Abruzzo Montepulciano,rose,Montepulciano,Old World,Italy,Abruzzo,Cerasuolo d’Abruzzo,241,2019,,44,,N,,Y,"Deeper-colored rosé with bright fruit and structure. Cherry, strawberry, and fresh acidity with a dry finish."
Domaine Mondange Laudria Rosé Sciaccarellu,rose,Sciaccarellu,Old World,Italy,Laudria,,242,2022,,63,,N,,Y,"Light and aromatic rosé with delicate red fruit. Fresh, dry, and easy to drink."
La Spinetta Il Rosé di Casanova,rose,Sangiovese Blend,Old World,Italy,Tuscany,IGT,243,2020,,70,,N,,Y,Clean and dry rosé with bright acidity. Red berry and citrus notes with a crisp finish.
Fattoria di Bacchereto Terre a Mano Sassocarlo Bianco,rose,Orange Wine,Old World,Italy,Tuscany,IGT,244,,,130,,N,,Y,"Textured skin-contact white with depth and character. Stone fruit, citrus peel, and earthy notes with a structured, dry finish."
Stephane Aviron Fleurie Vieilles Vignes Gamay,red,Gamay,Old World,France,Beaujolais,Fleurie,245,2020,,64,,N,,Y,"Light and elegant Gamay from old vines. Fresh red fruit, floral notes, and soft tannins with a smooth, easy finish."
Domaine Fagolett Morgon Le Janin Gamay,red,Gamay,Old World,France,Beaujolais,Morgon,246,2020,,66,,N,,Y,"More structured Beaujolais with darker fruit and a touch of earth. Cherry, plum, and gentle spice with good depth."
Enzo Boglietti Barbera d’Alba,red,Barbera,Old World,Italy,Piedmont,Alba,250,2020,,48,,N,,Y,"Bright and food-friendly Barbera with lively acidity. Red cherry, plum, and a clean, dry finish."
Roberto Voerzio Il Cerreto Barbera d’Alba,red,Barbera,Old World,Italy,Piedmont,Alba,251,2019,,90,,N,,Y,"Polished and concentrated Barbera with depth. Ripe red fruit, balanced acidity, and a smooth, lingering finish."
Voerzio Alberto Barbera d’Alba,red,Barbera,Old World,Italy,Piedmont,La Morra,252,2020,,108,,N,,Y,Rich and expressive Barbera with dark fruit and structure. Balanced acidity keeps it fresh and focused.
Masi Serego Alighieri Vaio Armaron,red,Corvina Blend,Old World,Italy,Veneto,Valpolicella,254,2012,,180,,N,,Y,"Deep and complex red with dried fruit and spice. Rich texture with layers of dark cherry, cocoa, and a long finish."
Masi Campolongo di Torbe Amarone della Valpolicella,red,Corvina Blend,Old World,Italy,Veneto,Valpolicella,255,2011,,225,,N,,Y,"Full-bodied Amarone with power and concentration. Dried fruit, dark chocolate, and warming spice with a long, bold finish."
Comando G La Bruja Avería Garnacha,red,Garnacha,Old World,Spain,Madrid,,257,2021,,81,,N,,Y,"Lively Garnacha with bright red fruit and freshness. Juicy, energetic, and lighter on its feet."
Coster dels Olivers Garnacha Cabernet Sauvignon,red,Blend,Old World,Spain,Priorat,,258,2019,,56,,N,,Y,Rustic and expressive blend with dark fruit and earth. Firm structure balanced by ripe fruit.
Glantenet Pere & Fils Hautes-Côtes de Nuits Pinot Noir,red,Pinot Noir,Old World,France,Burgundy,Hautes-Côtes de Nuits,259,2021,,69,,N,,Y,Fresh and approachable Pinot Noir with red berry fruit and soft tannins. Light-bodied and easy to enjoy.
Rolly Gassmann Pinot Noir,red,Pinot Noir,Old World,France,Alsace,,260,2019,,63,,N,,Y,Light and savory Pinot Noir with subtle earth and red fruit. Clean and balanced with a gentle finish.
Capitain-Gagnerot Savigny-lès-Beaune 1er Cru Les Charnières,red,Pinot Noir,Old World,France,Burgundy,Savigny-lès-Beaune,262,2020,,125,,N,,Y,"Structured Pinot Noir with depth and elegance. Red fruit, earth, and fine tannins with a long finish."
Domaine Glantenet Hautes-Côtes de Nuits Pinot Noir,red,Pinot Noir,Old World,France,Burgundy,Hautes-Côtes de Nuits,264,2021,,75,,N,,Y,"Classic cool-climate Pinot Noir. Bright cherry, light spice, and fresh acidity."
Domaine du Prieuré Savigny-lès-Beaune 1er Cru Les Hauts Jarrons,red,Pinot Noir,Old World,France,Burgundy,Savigny-lès-Beaune,267,2019,,105,,N,,Y,"Refined and balanced Pinot Noir. Red fruit, subtle earth, and smooth tannins."
Alain Gras Auxey-Duresses Très Vieilles Vignes Pinot Noir,red,Pinot Noir,Old World,France,Burgundy,Côte de Beaune,268,2016,,115,,N,,Y,"Old-vine Pinot Noir with depth and maturity. Layered red fruit, earth, and a silky texture."
La Pousse d’Or Clos de Tavannes Santenay 1er Cru,red,Pinot Noir,Old World,France,Burgundy,Santenay,269,2020,,222,,N,,Y,"Focused and elegant Premier Cru Pinot Noir. Concentrated fruit, minerality, and a long, refined finish."
Domaine de Courcel Pommard Le Grand Clos Epenots 1er Cru,red,Pinot Noir,Old World,France,Burgundy,Pommard,270,2014,,285,,N,,Y,"Powerful and structured Pinot Noir. Dark fruit, firm tannins, and depth built for aging."
Domaine de Courcel Pommard Le Grand Clos Epenots 1er Cru,red,Pinot Noir,Old World,France,Burgundy,Pommard,271,2019,,315,,N,,Y,"Younger and tightly structured expression of this Premier Cru. Dense fruit, strength, and long-term potential."
Elio Sandri Langhe Nebbiolo,red,Nebbiolo,Old World,Italy,Piedmont,Langhe,274,2020,,90,,N,,Y,"Classic Nebbiolo with bright acidity and firm structure. Red cherry, rose petal, and light earth with a clean, focused finish."
Sori Montaribaldi Barbaresco Nebbiolo,red,Nebbiolo,Old World,Italy,Piedmont,Barbaresco,278,2016,,98,,N,,Y,Refined and balanced Barbaresco with red fruit and floral notes. Structured but approachable with smooth tannins.
Marchesi di Grésy Martinenga Barbaresco Nebbiolo,red,Nebbiolo,Old World,Italy,Piedmont,Barbaresco,281,2018,,125,,N,,Y,"Classic Barbaresco with elegance and depth. Cherry, dried rose, and subtle spice with a long finish."
Massolino Serralunga d’Alba Barbaresco Nebbiolo,red,Nebbiolo,Old World,Italy,Piedmont,Barbaresco,283,2019,,120,,N,,Y,"Structured Nebbiolo with firm tannins and bright acidity. Red fruit, earth, and minerality with good aging potential."
Elena Giuseppe Ascheri Barolo Nebbiolo,red,Nebbiolo,Old World,Italy,Piedmont,Barolo,285,2019,,120,,N,,Y,"Classic Barolo with structure and grip. Cherry, dried herbs, and earth supported by firm tannins."
Enzo Boglietti Arione Barolo Nebbiolo,red,Nebbiolo,Old World,Italy,Piedmont,Barolo,286,2016,,180,,N,,Y,"Powerful and focused Barolo from a respected site. Dark cherry, spice, and strong structure with a long finish."
Renato Ratti Marcenasco Barolo Nebbiolo,red,Nebbiolo,Old World,Italy,Piedmont,Barolo,289,2018,,145,,N,,Y,"Polished and approachable Barolo. Red fruit, floral notes, and balanced tannins."
Roberto Voerzio Fossati Case Nere Barolo Riserva Nebbiolo,red,Nebbiolo,Old World,Italy,Piedmont,Barolo,290,2009,,785,,N,,Y,"Highly concentrated and mature Barolo Riserva. Deep layers of fruit, earth, and spice with serious structure."
Roberto Voerzio Cerequio Barolo Nebbiolo,red,Nebbiolo,Old World,Italy,Piedmont,Barolo,291,2013,,785,,N,,Y,"Intense and refined Barolo from a top vineyard. Dense fruit, firm tannins, and long aging potential."
Roberto Voerzio La Serra Barolo Nebbiolo,red,Nebbiolo,Old World,Italy,Piedmont,Barolo,292,2013,,785,,N,,Y,"Structured and expressive Barolo with depth. Red fruit, earth, and a powerful backbone."
Roberto Voerzio Brunate Barolo Nebbiolo,red,Nebbiolo,Old World,Italy,Piedmont,Barolo,293,2015,,785,,N,,Y,"Classic Brunate Barolo with intensity and balance. Concentrated fruit, spice, and strong tannins."
Roberto Voerzio Fossati Barolo Nebbiolo,red,Nebbiolo,Old World,Italy,Piedmont,Barolo,294,2015,,785,,N,,Y,"Deep and structured Barolo built for aging. Dark fruit, earth, and firm tannins with a long finish."
Paul de Albas Tempranillo,red,Tempranillo,Old World,Spain,Ribera del Duero,,304,2011,,158,,N,,Y,Structured and mature Tempranillo with dark fruit and savory notes. Firm tannins and depth from extended aging.
Marqués de Riscal Reserva Tempranillo,red,Tempranillo,Old World,Spain,Rioja,,309,2017,,63,,N,,Y,"Classic Rioja Reserva style. Red fruit, vanilla, and soft spice with a smooth, balanced finish."
Izarbe Reserva Selección Tempranillo,red,Tempranillo,Old World,Spain,Rioja,,311,2014,,70,,N,,Y,"Medium-bodied Rioja with developed flavors. Cherry, dried herbs, and gentle oak."
Izarbe Gran Reserva Tempranillo,red,Tempranillo,Old World,Spain,Rioja,,312,2008,,105,,N,,Y,"Aged Gran Reserva with complexity and softness. Leather, dried fruit, and spice with a long finish."
Dominio Pingus Flor de Pingus Tempranillo,red,Tempranillo,Old World,Spain,Ribera del Duero,,315,2020,,240,,N,,Y,"Powerful yet polished Tempranillo. Dark fruit, structure, and intensity with a refined finish."
Caparzo La Caduta Rosso di Montalcino,red,Sangiovese,Old World,Italy,Tuscany,Montalcino,320,2017,,75,,N,,Y,"Classic Rosso di Montalcino with bright red fruit and firm acidity. Cherry, dried herbs, and a clean, straightforward finish."
Badia a Coltibuono Chianti Classico,red,Sangiovese Blend,Old World,Italy,Tuscany,Chianti Classico,322,2018,,50,,N,,Y,"Traditional Chianti Classico with fresh acidity and earthy red fruit. Rustic, balanced, and very food-friendly."
Castello La Leccia Chianti Classico,red,Sangiovese,Old World,Italy,Tuscany,Chianti Classico,323,2019,,52,,N,,Y,"Clean and approachable Chianti Classico. Red cherry, light spice, and a dry, refreshing finish."
Castello La Leccia Bruciagna Gran Selezione,red,Sangiovese,Old World,Italy,Tuscany,Chianti Classico,324,2018,,147,,N,,Y,"More structured Chianti Classico with depth and polish. Concentrated fruit, firm tannins, and a long finish."
Isola delle Falcole Vecchia Vigna Blend,red,Sangiovese Blend,Old World,Italy,Tuscany,,325,2017,,120,,N,,Y,"Richer Tuscan red with ripe fruit and structure. Dark cherry, earth, and balanced acidity."
Isola delle Falcole Chianti Classico Gran Selezione,red,Sangiovese,Old World,Italy,Tuscany,Chianti Classico,326,2019,,250,,N,,Y,"Powerful and concentrated Gran Selezione. Dense fruit, firm tannins, and serious structure."
Fontodi Chianti Classico,red,Sangiovese,Old World,Italy,Tuscany,Chianti Classico,327,2019,,135,,N,,Y,"Well-balanced Chianti Classico with clarity and depth. Red fruit, earth, and polished tannins."
Avignonesi Grifi,red,Sangiovese Cabernet Sauvignon,Old World,Italy,Tuscany,Toscana IGT,328,2019,,86,,N,,Y,"Blend of Sangiovese and Cabernet Sauvignon with structure and richness. Dark fruit, spice, and a smooth finish."
Fattoria di Bacchereto Terre a Mano Sangiovese Blend,red,Sangiovese Blend,Old World,Italy,Tuscany,Carmignano,329,2018,,125,,N,,Y,"Textured and expressive Tuscan red. Earthy notes, dark fruit, and a firm, dry finish."
Baricci Rosso di Montalcino,red,Sangiovese,Old World,Italy,Tuscany,Montalcino,330,2022,,105,,N,,Y,"Fresh and focused Rosso di Montalcino. Bright cherry, lively acidity, and clean structure."
Baricci Brunello di Montalcino,red,Sangiovese,Old World,Italy,Tuscany,Montalcino,331,2018,,200,,N,,Y,"Structured Brunello with depth and balance. Dark cherry, earth, and firm tannins built to age."
Argiano Brunello di Montalcino,red,Sangiovese,Old World,Italy,Tuscany,Montalcino,333,2017,,168,,N,,Y,"Classic Brunello with elegance and length. Red fruit, dried herbs, and polished tannins."
Argiano Brunello di Montalcino,red,Sangiovese,Old World,Italy,Tuscany,Montalcino,334,2018,,237,,N,,Y,"Younger, more structured Brunello. Concentrated fruit, firm grip, and long aging potential."
Gaja Pieve Santa Restituta Brunello di Montalcino,red,Sangiovese,Old World,Italy,Tuscany,Montalcino,335,2018,,240,,N,,Y,"Refined Brunello with depth and precision. Layered fruit, structure, and a long, elegant finish."
Caparzo La Casa Brunello di Montalcino,red,Sangiovese,Old World,Italy,Tuscany,Montalcino,336,2004,,340,,N,,Y,"Mature Brunello showing complexity and softness. Dried fruit, earth, and savory notes."
Fontodi Flaccianello della Pieve,red,Sangiovese,Old World,Italy,Tuscany,Colli della Toscana Centrale,337,2011,,345,,N,,Y,"Powerful Super Tuscan made from Sangiovese. Dense fruit, structure, and depth with aging character."
Fontodi Flaccianello della Pieve,red,Sangiovese,Old World,Italy,Tuscany,Colli della Toscana Centrale,338,2018,,335,,N,,Y,"Younger and tightly structured Flaccianello. Concentrated fruit, firm tannins, and long-term potential."
E. Guigal Côtes du Rhône,red,Syrah Grenache Mourvèdre,Old World,France,Southern Rhône,,341,2019,,45,,N,,Y,"Classic Southern Rhône blend with dark fruit and spice. Medium-bodied, smooth, and easy to enjoy."
E. Guigal Crozes-Hermitage Rouge,red,Syrah,Old World,France,Northern Rhône,Crozes-Hermitage,342,2019,,80,,N,,Y,Structured Syrah with dark fruit and peppery notes. Firm but balanced with a clean finish.
Coudoulet de Beaucastel Côtes du Rhône,red,Red Rhône Blend,Old World,France,Southern Rhône,,343,2021,,78,,N,,Y,"Polished Rhône blend with depth and balance. Dark fruit, herbs, and soft tannins."
Domaine de la Solitude Châteauneuf-du-Pape,red,Red Rhône Blend,Old World,France,Southern Rhône,Châteauneuf-du-Pape,347,2020,,99,,N,,Y,"Fuller-bodied Rhône red with richness and warmth. Dark fruit, spice, and a long, smooth finish."
Château du Beaucastel Châteauneuf-du-Pape,red,Red Rhône Blend,Old World,France,Southern Rhône,Châteauneuf-du-Pape,348,2006,,220,,N,,Y,"Mature Châteauneuf-du-Pape with depth and complexity. Dried fruit, earth, and spice with a smooth, developed finish."
Domaine de L’Arnèsque Châteauneuf-du-Pape,red,Red Rhône Blend,Old World,France,Southern Rhône,Châteauneuf-du-Pape,349,2020,,75,,N,,Y,"Full-bodied Rhône red with ripe fruit and warmth. Dark berries, herbs, and soft tannins."
Domaine du Terme Gigondas Red Rhône Blend,red,Red Rhône Blend,Old World,France,Southern Rhône,Gigondas,350,2019,,75,,N,,Y,Structured and savory Gigondas with dark fruit and spice. Firm but balanced with good depth.
Juan Gil Blue Label Monastrell Cabernet Sauvignon Syrah,red,Red Blend,Old World,Spain,Murcia,Jumilla,351,2019,,90,,N,,Y,"Rich and powerful blend with dark fruit and structure. Ripe berry, spice, and a full-bodied finish."
Aia Vecchia Sor Ugo Cabernet Sauvignon Merlot,red,Red Blend,Old World,Italy,Tuscany,Bolgheri,355,2019,,82,,N,,Y,"Bolgheri-style blend with balance and polish. Dark fruit, soft tannins, and a smooth finish."
Gaja Ca’ Marcanda Promis Merlot Syrah Sangiovese,red,Red Blend,Old World,Italy,Tuscany,Toscana,357,2020,,125,,N,,Y,"Refined Tuscan blend with elegance and depth. Dark fruit, spice, and a clean, structured finish."
Caiarossa Toscana Rosso,red,Red Blend,Old World,Italy,Tuscany,Toscana IGT,358,2013,,160,,N,,Y,"Layered and expressive Tuscan red. Ripe fruit, earth, and well-integrated structure."
Château Marchand Montagne Saint-Émilion,red,Red Bordeaux Blend,Old World,France,Bordeaux,Saint-Émilion,362,2019,,62,,N,,Y,"Classic Right Bank Bordeaux with soft tannins. Plum, red fruit, and a smooth, approachable style."
Château Pontet-Bellegrave Graves de Vayres,red,Red Bordeaux Blend,Old World,France,Bordeaux,Entre-Deux-Mers,367,2018,,85,,N,,Y,"Medium-bodied Bordeaux with balance and freshness. Red fruit, light earth, and gentle tannins."
Château de Pez Saint-Estèphe,red,Red Bordeaux Blend,Old World,France,Bordeaux,Saint-Estèphe,369,2018,,132,,N,,Y,"Structured Left Bank Bordeaux with dark fruit and firm tannins. Classic, serious, and age-worthy."
Château Soussans Margaux,red,Red Bordeaux Blend,Old World,France,Bordeaux,Margaux,370,2019,,90,,N,,Y,"Refined Margaux with elegance and balance. Red fruit, floral notes, and polished tannins."
D’Estournel Médoc,red,Red Bordeaux Blend,Old World,France,Bordeaux,Médoc,371,2019,,115,,N,,Y,Well-structured Médoc with dark fruit and savory depth. Firm tannins with a long finish.
Château Lascombes Margaux Grand Cru Classé,red,Red Bordeaux Blend,Old World,France,Bordeaux,Margaux,375,2010,,325,,N,,Y,"Mature Grand Cru Margaux showing complexity and finesse. Dried fruit, earth, and refined structure."
Château Léoville Poyferré Saint-Julien,red,Red Bordeaux Blend,Old World,France,Bordeaux,Saint-Julien,378,2010,,600,,N,,Y,"Powerful and layered Saint-Julien. Dense fruit, structure, and depth built for long aging."
Evening Land Passetoutgrain Pinot Gamay,red,Pinot Noir/Gamay,New World,USA,Oregon,Willamette Valley,392,2019,,75,,N,,Y,"Light and lively red with bright acidity. Fresh red fruit and floral notes, easy-drinking and refreshing."
Roco The Stalker Pinot Noir,red,Pinot Noir,New World,USA,Oregon,Willamette Valley,395,2021,,65,,N,,Y,"Clean and approachable Pinot Noir. Red cherry, light spice, and a smooth, balanced finish."
Roco Private Stash Pinot Noir,red,Pinot Noir,New World,USA,Oregon,Willamette Valley,397,2016,,225,,N,,Y,"More concentrated Pinot Noir with depth and polish. Darker fruit, earth, and a long finish."
Ken Wright Pinot Noir,red,Pinot Noir,New World,USA,Oregon,Willamette Valley,398,2022,,57,,N,,Y,"Fresh and classic Willamette Valley Pinot Noir. Bright cherry, gentle earth, and lively acidity."
Brick House Select Pinot Noir,red,Pinot Noir,New World,USA,Oregon,Willamette Valley,399,2019,,74,,N,,Y,"Medium-bodied Pinot Noir with balance and clarity. Red fruit, subtle spice, and a clean finish."
Archery Summit Arcus Vineyard Pinot Noir,red,Pinot Noir,New World,USA,Oregon,Willamette Valley,406,2017,,250,,N,,Y,"Structured and refined Pinot Noir from a single vineyard. Dark fruit, minerality, and depth."
Colene Clemens Dopp Creek Pinot Noir,red,Pinot Noir,New World,USA,Oregon,Chehalem Mountains,407,2021,,70,,N,,Y,"Bright and expressive Pinot Noir. Red berry fruit, fresh acidity, and a smooth finish."
Toil Oregon Pinot Noir,red,Pinot Noir,New World,USA,Oregon,Willamette Valley,408,2021,,125,,N,,Y,Focused and polished Pinot Noir. Ripe red fruit with balanced structure.
Eyrie Vineyards The Eyrie Pinot Noir,red,Pinot Noir,New World,USA,Oregon,Dundee Hills,409,2016,,155,,N,,Y,"Classic Oregon Pinot Noir with elegance and age. Red fruit, earth, and soft tannins."
Holocene Apocrypha Pinot Noir,red,Pinot Noir,New World,USA,Oregon,Willamette Valley,410,2021,,135,,N,,Y,Textural and expressive Pinot Noir. Bright fruit with earthy undertones and a dry finish.
Baileyana Firepeak Vineyard Pinot Noir,red,Pinot Noir,New World,USA,California,Central Coast,422,2018,,60,,N,,Y,"Approachable Central Coast Pinot Noir. Red fruit, light oak, and an easy, smooth finish."
Sandhi Santa Rita Hills Pinot Noir,red,Pinot Noir,New World,USA,California,Santa Rita Hills,424,2021,,75,,N,,Y,"Cool-climate Pinot Noir with bright acidity. Red cherry, spice, and a clean finish."
Littorai Sonoma Coast Pinot Noir,red,Pinot Noir,New World,USA,California,Sonoma Coast,428,2021,,140,,N,,Y,"Focused and elegant Pinot Noir. Fresh red fruit, minerality, and refined structure."
Littorai Les Larmes Pinot Noir,red,Pinot Noir,New World,USA,California,Anderson Valley,429,2020,,190,,N,,Y,"Single-vineyard Pinot Noir with depth and tension. Concentrated fruit, earth, and length."
Flowers Sonoma Coast Pinot Noir,red,Pinot Noir,New World,USA,California,Sonoma Coast,430,2021,,160,,N,,Y,"Polished coastal Pinot Noir. Red fruit, subtle oak, and balanced acidity."
Small Vines TBH Vineyard Pinot Noir,red,Pinot Noir,New World,USA,California,Sonoma Coast,431,2019,,200,,N,,Y,"Old-vine Pinot Noir with richness and detail. Darker fruit, spice, and a long finish."
Sea Smoke Southing Pinot Noir,red,Pinot Noir,New World,USA,California,Santa Rita Hills,435,2021,,225,,N,,Y,"Powerful and expressive Pinot Noir. Dark fruit, spice, and a full, structured finish."
Kosta Browne Santa Rita Hills Pinot Noir,red,Pinot Noir,New World,USA,California,Santa Rita Hills,437,2021,,250,,N,,Y,"Ripe and polished Pinot Noir with intensity. Dark cherry, spice, and smooth tannins."
Kosta Browne Russian River Valley Pinot Noir,red,Pinot Noir,New World,USA,California,Russian River Valley,438,2021,,250,,N,,Y,"Rich and expressive Pinot Noir. Ripe red fruit, subtle oak, and a long finish."
Drew Fait De Mer Farm Pinot Noir,red,Pinot Noir,New World,USA,California,Mendocino Ridge,440,2019,,160,,N,,Y,"Cool-climate Pinot Noir with freshness and lift. Bright fruit, earth, and clean acidity."
Drew Wendling Vineyard Pinot Noir,red,Pinot Noir,New World,USA,California,Anderson Valley,441,2019,,205,,N,,Y,"Single-vineyard Pinot Noir with depth and focus. Red fruit, earth, and a long, structured finish."
Drew Morning Dew Ranch Pinot Noir,red,Pinot Noir,New World,USA,California,Anderson Valley,442,2018,,205,,N,,Y,"Expressive Anderson Valley Pinot Noir. Bright red fruit, forest notes, and fresh acidity."
Dunham Cellars Syrah,red,Syrah,New World,USA,Washington,Columbia Valley,446,2020,,83,,N,,Y,Medium to full-bodied Syrah with dark fruit and spice. Smooth texture with a balanced finish.
Hartford Court Outer Limits Syrah,red,Syrah,New World,USA,California,Sonoma Coast,449,2018,,120,,N,,Y,"Powerful coastal Syrah with intensity. Dark berries, pepper, and savory depth."
Drew Valenti Ranch Red Blend,red,Red Blend,New World,USA,California,Mendocino Ridge,450,2019,,174,,N,,Y,"Structured and expressive red blend. Dark fruit, earth, and firm tannins."
Two Hands Gnarly Dudes Shiraz,red,Shiraz,New World,Australia,Barossa Valley,,451,2018,,65,,N,,Y,Classic Barossa Shiraz with ripe fruit and spice. Full-bodied and easy to enjoy.
Torbreck Descendant Red Blend,red,Red Blend,New World,Australia,Barossa Valley,,453,2018,,215,,N,,Y,"Rich and powerful Barossa blend. Dense fruit, spice, and long structure."
Herman Story Nuts and Bolts Syrah,red,Syrah,New World,USA,California,,454,2016,,115,,N,,Y,"Bold and expressive Syrah. Dark fruit, savory notes, and a full finish."
Keermont Steepside Syrah,red,Syrah,New World,South Africa,Stellenbosch,,455,2017,,96,,N,,Y,"Structured Syrah with freshness and grip. Dark fruit, spice, and mineral notes."
The Walls Stanley Groovy Red Blend,red,Red Blend,New World,USA,Washington,Red Mountain,456,2020,,85,,N,,Y,"Ripe and balanced red blend. Dark fruit, smooth tannins, and a polished finish."
Leonetti Cellar Merlot,red,Merlot,New World,USA,Washington,Walla Walla Valley,463,2020,,183,,N,,Y,"Structured and elegant Merlot with depth. Dark fruit, earth, and a long finish."
Whitehall Lane Merlot,red,Merlot,New World,USA,California,Napa Valley,465,2018,,69,,N,,Y,"Approachable Napa Merlot. Ripe fruit, soft tannins, and a smooth finish."
Freemark Abbey Merlot,red,Merlot,New World,USA,California,Napa Valley,467,2019,,95,,N,,Y,Classic Napa Merlot with balance and polish. Dark fruit and gentle oak.
Barnett Vineyard Merlot,red,Merlot,New World,USA,California,Napa Valley,469,2021,,150,,N,,Y,Mountain-grown Merlot with structure. Concentrated fruit and firm tannins.
PlumpJack Merlot,red,Merlot,New World,USA,California,Napa Valley,472,2018,,145,,N,,Y,"Rich and polished Merlot. Dark fruit, spice, and a full, smooth finish."
Upchurch Cabernet Sauvignon,red,Cabernet Sauvignon,New World,USA,Washington,Red Mountain,480,2018,,145,,N,,Y,Structured Cabernet with dark fruit and grip. Firm tannins balanced by freshness.
Steele Red Hills Cabernet Sauvignon,red,Cabernet Sauvignon,New World,USA,California,Red Hills Lake County,482,2017,,56,,N,,Y,Medium-bodied Cabernet with ripe fruit and soft tannins. Easy-drinking and balanced.
Stags Leap Cabernet Sauvignon,red,Cabernet Sauvignon,New World,USA,California,Napa Valley,484,2020,,135,,N,,Y,"Classic Napa Cabernet with polish. Dark fruit, oak, and a smooth finish."
Martin Ray Santa Cruz Cabernet Sauvignon,red,Cabernet Sauvignon,New World,USA,California,Santa Cruz Mountains,487,2021,,90,,N,,Y,Cool-climate Cabernet with freshness. Red and dark fruit with lively acidity.
Martin Ray Stags Leap Cabernet Sauvignon,red,Cabernet Sauvignon,New World,USA,California,Stags Leap District,488,2021,,180,,N,,Y,Structured Napa Cabernet with depth. Concentrated fruit and firm tannins.
Martin Ray Diamond Mountain Cabernet Sauvignon,red,Cabernet Sauvignon,New World,USA,California,Diamond Mountain,489,2021,,180,,N,,Y,"Mountain Cabernet with power and structure. Dark fruit, intensity, and grip."
Pine Ridge Napa Valley Cabernet Sauvignon,red,Cabernet Sauvignon,New World,USA,California,Napa Valley,490,2021,,95,,N,,Y,"Approachable Napa Cabernet. Ripe fruit, smooth tannins, and balance."
Trujillo Napa Valley Cabernet Sauvignon,red,Cabernet Sauvignon,New World,USA,California,Napa Valley,492,2018,,190,,N,,Y,"Classic Napa Cabernet with depth and polish. Dark fruit, oak, and a long finish."
Caymus Vineyards Cabernet Sauvignon,red,Cabernet Sauvignon,New World,USA,California,Napa Valley,493,2020,,165,,N,,Y,"Rich and approachable Napa Cabernet. Ripe dark fruit, smooth tannins, and a plush finish."
Inglenook Rutherford Cabernet Sauvignon,red,Cabernet Sauvignon,New World,USA,California,Rutherford,494,2016,,190,,N,,Y,"Classic Rutherford Cabernet with structure and restraint. Dark fruit, earth, and firm tannins."
PlumpJack Estate Cabernet Sauvignon,red,Cabernet Sauvignon,New World,USA,California,Oakville,495,2018,,285,,N,,Y,"Full-bodied and polished Cabernet. Concentrated fruit, oak, and a long finish."
Lail Vineyards Blueprint Cabernet Sauvignon,red,Cabernet Sauvignon,New World,USA,California,Napa Valley,496,2021,,215,,N,,Y,"Refined Napa Cabernet with balance and depth. Dark fruit, structure, and a smooth finish."
Heitz Cellar Cabernet Sauvignon,red,Cabernet Sauvignon,New World,USA,California,Napa Valley,497,2017,,150,,N,,Y,"Classic Napa Cabernet with elegance. Red and dark fruit, restrained oak, and fresh acidity."
Dry Creek The Mariner,red,Red Blend,New World,USA,California,Dry Creek Valley,513,2019,,90,,N,,Y,"Bordeaux-style blend with balance and polish. Dark fruit, soft tannins, and a smooth finish."
Chappellet Mountain Cuvée,red,Red Blend,New World,USA,California,,514,2022,,122,,N,,Y,"Structured mountain blend with depth. Dark fruit, spice, and firm tannins."
Jonata Todos,red,Red Blend,New World,USA,California,Ballard Canyon,515,2018/19,,125,,N,,Y,"Layered and expressive blend. Ripe fruit, earth, and a long finish."
Justin Isosceles,red,Red Blend,New World,USA,California,Paso Robles,516,2020,,150,,N,,Y,"Full-bodied Paso Robles blend with richness. Dark fruit, oak, and smooth tannins."
Rasa Occam’s Razor Red Blend,red,Red Blend,New World,USA,Washington,Columbia Valley,520,2019,,64,,N,,Y,"Approachable red blend with balance. Dark fruit, gentle spice, and an easy finish."
Soos Creek Ciel du Cheval Vineyard Red Blend,red,Red Blend,New World,USA,Washington,Red Mountain,521,2019,,77,,N,,Y,"Structured vineyard blend with depth. Dark fruit, earth, and firm tannins."
Pepper Bridge Trine,red,Red Blend,New World,USA,Washington,Walla Walla Valley,525,2017,,145,,N,,Y,"Polished Walla Walla blend. Dark fruit, spice, and balanced structure."
Opus One Overture,red,Red Blend,New World,USA,California,Oakville,499,,,220,,N,,Y,"Refined Bordeaux-style blend. Dark fruit, smooth tannins, and a long finish."
Opus One,red,Red Blend,New World,USA,California,Oakville,500,2019,,585,,N,,Y,"Iconic Napa Valley blend with depth and elegance. Concentrated fruit, structure, and length."
Edmeades Mendocino County Zinfandel,red,Zinfandel,New World,USA,California,Mendocino County,534,2021,,44,,N,,Y,"Fresh and approachable Zinfandel. Bright berry fruit and a smooth, easy finish."
Turley Old Vines Zinfandel,red,Zinfandel,New World,USA,California,,535,2016,,68,,N,,Y,"Old-vine Zinfandel with richness and depth. Dark fruit, spice, and structure."
Seghesio Cortina Zinfandel,red,Zinfandel,New World,USA,California,Dry Creek Valley,536,2018,,75,,N,,Y,"Classic Dry Creek Zinfandel. Ripe berry fruit, spice, and balanced acidity."
Oakville Zinfandel,red,Zinfandel,New World,USA,California,Napa Valley,537,2021,,70,,N,,Y,Medium-bodied Zinfandel with ripe fruit. Smooth tannins and a clean finish.
Frank Family Zinfandel,red,Zinfandel,New World,USA,California,Napa Valley,538,2018,,95,,N,,Y,"Polished Napa Zinfandel. Dark fruit, spice, and a round finish."
Grgich Hills Zinfandel,red,Zinfandel,New World,USA,California,Napa Valley,539,2017,,97,,N,,Y,"Structured Zinfandel with balance and depth. Ripe fruit, spice, and firm tannins."